location_id,location_name,location_code,facility_type,capacity,timestamp,hour,day_of_week,day_of_month,month,is_weekend,crowd_count,density_percentage,congestion_level,dataset_type,previous_crowd,lag_2_crowd,rolling_average_3h,previous_density
1,Admin Complex Hub,ADM-01,ADMIN,300,2026-09-21T00:00:00+00:00,0,0,21,9,0,21,7.0,LOW,Synthetic/Simulation Data — For Academic Demonstration,21,21,21.0,7.0
2,CS & AI Complex Hub,CS-01,ACADEMIC,800,2026-09-21T00:00:00+00:00,0,0,21,9,0,57,7.12,LOW,Synthetic/Simulation Data — For Academic Demonstration,57,57,57.0,7.12
3,Electrical Sciences Hub,EE-01,ACADEMIC,650,2026-09-21T00:00:00+00:00,0,0,21,9,0,13,2.0,LOW,Synthetic/Simulation Data — For Academic Demonstration,13,13,13.0,2.0
4,Mechanical Quad Hub,ME-01,ACADEMIC,600,2026-09-21T00:00:00+00:00,0,0,21,9,0,36,6.0,LOW,Synthetic/Simulation Data — For Academic Demonstration,36,36,36.0,6.0
5,Central Library Plaza,LIB-01,LIBRARY,700,2026-09-21T00:00:00+00:00,0,0,21,9,0,59,8.43,LOW,Synthetic/Simulation Data — For Academic Demonstration,59,59,59.0,8.43
6,Auditorium Plaza,AUD-01,AUDITORIUM,1000,2026-09-21T00:00:00+00:00,0,0,21,9,0,113,11.3,LOW,Synthetic/Simulation Data — For Academic Demonstration,113,113,113.0,11.3
7,Food Court Square,CAN-01,CANTEEN,550,2026-09-21T00:00:00+00:00,0,0,21,9,0,16,2.91,LOW,Synthetic/Simulation Data — For Academic Demonstration,16,16,16.0,2.91
8,Sports Arena Entrance,SPT-01,SPORTS,450,2026-09-21T00:00:00+00:00,0,0,21,9,0,21,4.67,LOW,Synthetic/Simulation Data — For Academic Demonstration,21,21,21.0,4.67
9,Alpha Hostel Quad,HST-01,HOSTEL,500,2026-09-21T00:00:00+00:00,0,0,21,9,0,475,95.0,CRITICAL,Synthetic/Simulation Data — For Academic Demonstration,475,475,475.0,95.0
10,Beta Hostel Quad,HST-02,HOSTEL,500,2026-09-21T00:00:00+00:00,0,0,21,9,0,479,95.8,CRITICAL,Synthetic/Simulation Data — For Academic Demonstration,479,479,479.0,95.8
11,Research Park Hub,RES-01,LAB,350,2026-09-21T00:00:00+00:00,0,0,21,9,0,40,11.43,LOW,Synthetic/Simulation Data — For Academic Demonstration,40,40,40.0,11.43
12,Health Center Entrance,MED-01,MEDICAL,150,2026-09-21T00:00:00+00:00,0,0,21,9,0,14,9.33,LOW,Synthetic/Simulation Data — For Academic Demonstration,14,14,14.0,9.33
1,Admin Complex Hub,ADM-01,ADMIN,300,2026-09-21T01:00:00+00:00,1,0,21,9,0,13,4.33,LOW,Synthetic/Simulation Data — For Academic Demonstration,21,21,21.0,7.0
2,CS & AI Complex Hub,CS-01,ACADEMIC,800,2026-09-21T01:00:00+00:00,1,0,21,9,0,16,2.0,LOW,Synthetic/Simulation Data — For Academic Demonstration,57,57,57.0,7.12
3,Electrical Sciences Hub,EE-01,ACADEMIC,650,2026-09-21T01:00:00+00:00,1,0,21,9,0,23,3.54,LOW,Synthetic/Simulation Data — For Academic Demonstration,13,13,13.0,2.0
4,Mechanical Quad Hub,ME-01,ACADEMIC,600,2026-09-21T01:00:00+00:00,1,0,21,9,0,61,10.17,LOW,Synthetic/Simulation Data — For Academic Demonstration,36,36,36.0,6.0
5,Central Library Plaza,LIB-01,LIBRARY,700,2026-09-21T01:00:00+00:00,1,0,21,9,0,14,2.0,LOW,Synthetic/Simulation Data — For Academic Demonstration,59,59,59.0,8.43
6,Auditorium Plaza,AUD-01,AUDITORIUM,1000,2026-09-21T01:00:00+00:00,1,0,21,9,0,54,5.4,LOW,Synthetic/Simulation Data — For Academic Demonstration,113,113,113.0,11.3
7,Food Court Square,CAN-01,CANTEEN,550,2026-09-21T01:00:00+00:00,1,0,21,9,0,11,2.0,LOW,Synthetic/Simulation Data — For Academic Demonstration,16,16,16.0,2.91
8,Sports Arena Entrance,SPT-01,SPORTS,450,2026-09-21T01:00:00+00:00,1,0,21,9,0,28,6.22,LOW,Synthetic/Simulation Data — For Academic Demonstration,21,21,21.0,4.67
9,Alpha Hostel Quad,HST-01,HOSTEL,500,2026-09-21T01:00:00+00:00,1,0,21,9,0,485,97.0,CRITICAL,Synthetic/Simulation Data — For Academic Demonstration,475,475,475.0,95.0
10,Beta Hostel Quad,HST-02,HOSTEL,500,2026-09-21T01:00:00+00:00,1,0,21,9,0,488,97.6,CRITICAL,Synthetic/Simulation Data — For Academic Demonstration,479,479,479.0,95.8
11,Research Park Hub,RES-01,LAB,350,2026-09-21T01:00:00+00:00,1,0,21,9,0,17,4.86,LOW,Synthetic/Simulation Data — For Academic Demonstration,40,40,40.0,11.43
12,Health Center Entrance,MED-01,MEDICAL,150,2026-09-21T01:00:00+00:00,1,0,21,9,0,16,10.67,LOW,Synthetic/Simulation Data — For Academic Demonstration,14,14,14.0,9.33
1,Admin Complex Hub,ADM-01,ADMIN,300,2026-09-21T02:00:00+00:00,2,0,21,9,0,23,7.67,LOW,Synthetic/Simulation Data — For Academic Demonstration,13,21,17.0,4.33
2,CS & AI Complex Hub,CS-01,ACADEMIC,800,2026-09-21T02:00:00+00:00,2,0,21,9,0,77,9.62,LOW,Synthetic/Simulation Data — For Academic Demonstration,16,57,36.5,2.0
3,Electrical Sciences Hub,EE-01,ACADEMIC,650,2026-09-21T02:00:00+00:00,2,0,21,9,0,39,6.0,LOW,Synthetic/Simulation Data — For Academic Demonstration,23,13,18.0,3.54
4,Mechanical Quad Hub,ME-01,ACADEMIC,600,2026-09-21T02:00:00+00:00,2,0,21,9,0,21,3.5,LOW,Synthetic/Simulation Data — For Academic Demonstration,61,36,48.5,10.17
5,Central Library Plaza,LIB-01,LIBRARY,700,2026-09-21T02:00:00+00:00,2,0,21,9,0,36,5.14,LOW,Synthetic/Simulation Data — For Academic Demonstration,14,59,36.5,2.0
6,Auditorium Plaza,AUD-01,AUDITORIUM,1000,2026-09-21T02:00:00+00:00,2,0,21,9,0,98,9.8,LOW,Synthetic/Simulation Data — For Academic Demonstration,54,113,83.5,5.4
7,Food Court Square,CAN-01,CANTEEN,550,2026-09-21T02:00:00+00:00,2,0,21,9,0,11,2.0,LOW,Synthetic/Simulation Data — For Academic Demonstration,11,16,13.5,2.0
8,Sports Arena Entrance,SPT-01,SPORTS,450,2026-09-21T02:00:00+00:00,2,0,21,9,0,27,6.0,LOW,Synthetic/Simulation Data — For Academic Demonstration,28,21,24.5,6.22
9,Alpha Hostel Quad,HST-01,HOSTEL,500,2026-09-21T02:00:00+00:00,2,0,21,9,0,448,89.6,HIGH,Synthetic/Simulation Data — For Academic Demonstration,485,475,480.0,97.0
10,Beta Hostel Quad,HST-02,HOSTEL,500,2026-09-21T02:00:00+00:00,2,0,21,9,0,475,95.0,CRITICAL,Synthetic/Simulation Data — For Academic Demonstration,488,479,483.5,97.6
11,Research Park Hub,RES-01,LAB,350,2026-09-21T02:00:00+00:00,2,0,21,9,0,16,4.57,LOW,Synthetic/Simulation Data — For Academic Demonstration,17,40,28.5,4.86
12,Health Center Entrance,MED-01,MEDICAL,150,2026-09-21T02:00:00+00:00,2,0,21,9,0,30,20.0,LOW,Synthetic/Simulation Data — For Academic Demonstration,16,14,15.0,10.67
1,Admin Complex Hub,ADM-01,ADMIN,300,2026-09-21T03:00:00+00:00,3,0,21,9,0,33,11.0,LOW,Synthetic/Simulation Data — For Academic Demonstration,23,13,19.0,7.67
2,CS & AI Complex Hub,CS-01,ACADEMIC,800,2026-09-21T03:00:00+00:00,3,0,21,9,0,16,2.0,LOW,Synthetic/Simulation Data — For Academic Demonstration,77,16,50.0,9.62
3,Electrical Sciences Hub,EE-01,ACADEMIC,650,2026-09-21T03:00:00+00:00,3,0,21,9,0,49,7.54,LOW,Synthetic/Simulation Data — For Academic Demonstration,39,23,25.0,6.0
4,Mechanical Quad Hub,ME-01,ACADEMIC,600,2026-09-21T03:00:00+00:00,3,0,21,9,0,34,5.67,LOW,Synthetic/Simulation Data — For Academic Demonstration,21,61,39.3,3.5
5,Central Library Plaza,LIB-01,LIBRARY,700,2026-09-21T03:00:00+00:00,3,0,21,9,0,62,8.86,LOW,Synthetic/Simulation Data — For Academic Demonstration,36,14,36.3,5.14
6,Auditorium Plaza,AUD-01,AUDITORIUM,1000,2026-09-21T03:00:00+00:00,3,0,21,9,0,83,8.3,LOW,Synthetic/Simulation Data — For Academic Demonstration,98,54,88.3,9.8
7,Food Court Square,CAN-01,CANTEEN,550,2026-09-21T03:00:00+00:00,3,0,21,9,0,20,3.64,LOW,Synthetic/Simulation Data — For Academic Demonstration,11,11,12.7,2.0
8,Sports Arena Entrance,SPT-01,SPORTS,450,2026-09-21T03:00:00+00:00,3,0,21,9,0,31,6.89,LOW,Synthetic/Simulation Data — For Academic Demonstration,27,28,25.3,6.0
9,Alpha Hostel Quad,HST-01,HOSTEL,500,2026-09-21T03:00:00+00:00,3,0,21,9,0,494,98.8,CRITICAL,Synthetic/Simulation Data — For Academic Demonstration,448,485,469.3,89.6
10,Beta Hostel Quad,HST-02,HOSTEL,500,2026-09-21T03:00:00+00:00,3,0,21,9,0,439,87.8,HIGH,Synthetic/Simulation Data — For Academic Demonstration,475,488,480.7,95.0
11,Research Park Hub,RES-01,LAB,350,2026-09-21T03:00:00+00:00,3,0,21,9,0,7,2.0,LOW,Synthetic/Simulation Data — For Academic Demonstration,16,17,24.3,4.57
12,Health Center Entrance,MED-01,MEDICAL,150,2026-09-21T03:00:00+00:00,3,0,21,9,0,13,8.67,LOW,Synthetic/Simulation Data — For Academic Demonstration,30,16,20.0,20.0
1,Admin Complex Hub,ADM-01,ADMIN,300,2026-09-21T04:00:00+00:00,4,0,21,9,0,12,4.0,LOW,Synthetic/Simulation Data — For Academic Demonstration,33,23,23.0,11.0
2,CS & AI Complex Hub,CS-01,ACADEMIC,800,2026-09-21T04:00:00+00:00,4,0,21,9,0,51,6.38,LOW,Synthetic/Simulation Data — For Academic Demonstration,16,77,36.3,2.0
3,Electrical Sciences Hub,EE-01,ACADEMIC,650,2026-09-21T04:00:00+00:00,4,0,21,9,0,13,2.0,LOW,Synthetic/Simulation Data — For Academic Demonstration,49,39,37.0,7.54
4,Mechanical Quad Hub,ME-01,ACADEMIC,600,2026-09-21T04:00:00+00:00,4,0,21,9,0,41,6.83,LOW,Synthetic/Simulation Data — For Academic Demonstration,34,21,38.7,5.67
5,Central Library Plaza,LIB-01,LIBRARY,700,2026-09-21T04:00:00+00:00,4,0,21,9,0,14,2.0,LOW,Synthetic/Simulation Data — For Academic Demonstration,62,36,37.3,8.86
6,Auditorium Plaza,AUD-01,AUDITORIUM,1000,2026-09-21T04:00:00+00:00,4,0,21,9,0,128,12.8,LOW,Synthetic/Simulation Data — For Academic Demonstration,83,98,78.3,8.3
7,Food Court Square,CAN-01,CANTEEN,550,2026-09-21T04:00:00+00:00,4,0,21,9,0,11,2.0,LOW,Synthetic/Simulation Data — For Academic Demonstration,20,11,14.0,3.64
8,Sports Arena Entrance,SPT-01,SPORTS,450,2026-09-21T04:00:00+00:00,4,0,21,9,0,44,9.78,LOW,Synthetic/Simulation Data — For Academic Demonstration,31,27,28.7,6.89
9,Alpha Hostel Quad,HST-01,HOSTEL,500,2026-09-21T04:00:00+00:00,4,0,21,9,0,453,90.6,CRITICAL,Synthetic/Simulation Data — For Academic Demonstration,494,448,475.7,98.8
10,Beta Hostel Quad,HST-02,HOSTEL,500,2026-09-21T04:00:00+00:00,4,0,21,9,0,474,94.8,CRITICAL,Synthetic/Simulation Data — For Academic Demonstration,439,475,467.3,87.8
11,Research Park Hub,RES-01,LAB,350,2026-09-21T04:00:00+00:00,4,0,21,9,0,34,9.71,LOW,Synthetic/Simulation Data — For Academic Demonstration,7,16,13.3,2.0
12,Health Center Entrance,MED-01,MEDICAL,150,2026-09-21T04:00:00+00:00,4,0,21,9,0,11,7.33,LOW,Synthetic/Simulation Data — For Academic Demonstration,13,30,19.7,8.67
1,Admin Complex Hub,ADM-01,ADMIN,300,2026-09-21T05:00:00+00:00,5,0,21,9,0,12,4.0,LOW,Synthetic/Simulation Data — For Academic Demonstration,12,33,22.7,4.0
2,CS & AI Complex Hub,CS-01,ACADEMIC,800,2026-09-21T05:00:00+00:00,5,0,21,9,0,102,12.75,LOW,Synthetic/Simulation Data — For Academic Demonstration,51,16,48.0,6.38
3,Electrical Sciences Hub,EE-01,ACADEMIC,650,2026-09-21T05:00:00+00:00,5,0,21,9,0,17,2.62,LOW,Synthetic/Simulation Data — For Academic Demonstration,13,49,33.7,2.0
4,Mechanical Quad Hub,ME-01,ACADEMIC,600,2026-09-21T05:00:00+00:00,5,0,21,9,0,14,2.33,LOW,Synthetic/Simulation Data — For Academic Demonstration,41,34,32.0,6.83
5,Central Library Plaza,LIB-01,LIBRARY,700,2026-09-21T05:00:00+00:00,5,0,21,9,0,37,5.29,LOW,Synthetic/Simulation Data — For Academic Demonstration,14,62,37.3,2.0
6,Auditorium Plaza,AUD-01,AUDITORIUM,1000,2026-09-21T05:00:00+00:00,5,0,21,9,0,127,12.7,LOW,Synthetic/Simulation Data — For Academic Demonstration,128,83,103.0,12.8
7,Food Court Square,CAN-01,CANTEEN,550,2026-09-21T05:00:00+00:00,5,0,21,9,0,35,6.36,LOW,Synthetic/Simulation Data — For Academic Demonstration,11,20,14.0,2.0
8,Sports Arena Entrance,SPT-01,SPORTS,450,2026-09-21T05:00:00+00:00,5,0,21,9,0,49,10.89,LOW,Synthetic/Simulation Data — For Academic Demonstration,44,31,34.0,9.78
9,Alpha Hostel Quad,HST-01,HOSTEL,500,2026-09-21T05:00:00+00:00,5,0,21,9,0,465,93.0,CRITICAL,Synthetic/Simulation Data — For Academic Demonstration,453,494,465.0,90.6
10,Beta Hostel Quad,HST-02,HOSTEL,500,2026-09-21T05:00:00+00:00,5,0,21,9,0,433,86.6,HIGH,Synthetic/Simulation Data — For Academic Demonstration,474,439,462.7,94.8
11,Research Park Hub,RES-01,LAB,350,2026-09-21T05:00:00+00:00,5,0,21,9,0,13,3.71,LOW,Synthetic/Simulation Data — For Academic Demonstration,34,7,19.0,9.71
12,Health Center Entrance,MED-01,MEDICAL,150,2026-09-21T05:00:00+00:00,5,0,21,9,0,18,12.0,LOW,Synthetic/Simulation Data — For Academic Demonstration,11,13,18.0,7.33
1,Admin Complex Hub,ADM-01,ADMIN,300,2026-09-21T06:00:00+00:00,6,0,21,9,0,34,11.33,LOW,Synthetic/Simulation Data — For Academic Demonstration,12,12,19.0,4.0
2,CS & AI Complex Hub,CS-01,ACADEMIC,800,2026-09-21T06:00:00+00:00,6,0,21,9,0,16,2.0,LOW,Synthetic/Simulation Data — For Academic Demonstration,102,51,56.3,12.75
3,Electrical Sciences Hub,EE-01,ACADEMIC,650,2026-09-21T06:00:00+00:00,6,0,21,9,0,14,2.15,LOW,Synthetic/Simulation Data — For Academic Demonstration,17,13,26.3,2.62
4,Mechanical Quad Hub,ME-01,ACADEMIC,600,2026-09-21T06:00:00+00:00,6,0,21,9,0,29,4.83,LOW,Synthetic/Simulation Data — For Academic Demonstration,14,41,29.7,2.33
5,Central Library Plaza,LIB-01,LIBRARY,700,2026-09-21T06:00:00+00:00,6,0,21,9,0,78,11.14,LOW,Synthetic/Simulation Data — For Academic Demonstration,37,14,37.7,5.29
6,Auditorium Plaza,AUD-01,AUDITORIUM,1000,2026-09-21T06:00:00+00:00,6,0,21,9,0,159,15.9,LOW,Synthetic/Simulation Data — For Academic Demonstration,127,128,112.7,12.7
7,Food Court Square,CAN-01,CANTEEN,550,2026-09-21T06:00:00+00:00,6,0,21,9,0,14,2.55,LOW,Synthetic/Simulation Data — For Academic Demonstration,35,11,22.0,6.36
8,Sports Arena Entrance,SPT-01,SPORTS,450,2026-09-21T06:00:00+00:00,6,0,21,9,0,296,65.78,MEDIUM,Synthetic/Simulation Data — For Academic Demonstration,49,44,41.3,10.89
9,Alpha Hostel Quad,HST-01,HOSTEL,500,2026-09-21T06:00:00+00:00,6,0,21,9,0,438,87.6,HIGH,Synthetic/Simulation Data — For Academic Demonstration,465,453,470.7,93.0
10,Beta Hostel Quad,HST-02,HOSTEL,500,2026-09-21T06:00:00+00:00,6,0,21,9,0,400,80.0,HIGH,Synthetic/Simulation Data — For Academic Demonstration,433,474,448.7,86.6
11,Research Park Hub,RES-01,LAB,350,2026-09-21T06:00:00+00:00,6,0,21,9,0,7,2.0,LOW,Synthetic/Simulation Data — For Academic Demonstration,13,34,18.0,3.71
12,Health Center Entrance,MED-01,MEDICAL,150,2026-09-21T06:00:00+00:00,6,0,21,9,0,3,2.0,LOW,Synthetic/Simulation Data — For Academic Demonstration,18,11,14.0,12.0
1,Admin Complex Hub,ADM-01,ADMIN,300,2026-09-21T07:00:00+00:00,7,0,21,9,0,24,8.0,LOW,Synthetic/Simulation Data — For Academic Demonstration,34,12,19.3,11.33
2,CS & AI Complex Hub,CS-01,ACADEMIC,800,2026-09-21T07:00:00+00:00,7,0,21,9,0,16,2.0,LOW,Synthetic/Simulation Data — For Academic Demonstration,16,102,56.3,2.0
3,Electrical Sciences Hub,EE-01,ACADEMIC,650,2026-09-21T07:00:00+00:00,7,0,21,9,0,13,2.0,LOW,Synthetic/Simulation Data — For Academic Demonstration,14,17,14.7,2.15
4,Mechanical Quad Hub,ME-01,ACADEMIC,600,2026-09-21T07:00:00+00:00,7,0,21,9,0,24,4.0,LOW,Synthetic/Simulation Data — For Academic Demonstration,29,14,28.0,4.83
5,Central Library Plaza,LIB-01,LIBRARY,700,2026-09-21T07:00:00+00:00,7,0,21,9,0,14,2.0,LOW,Synthetic/Simulation Data — For Academic Demonstration,78,37,43.0,11.14
6,Auditorium Plaza,AUD-01,AUDITORIUM,1000,2026-09-21T07:00:00+00:00,7,0,21,9,0,99,9.9,LOW,Synthetic/Simulation Data — For Academic Demonstration,159,127,138.0,15.9
7,Food Court Square,CAN-01,CANTEEN,550,2026-09-21T07:00:00+00:00,7,0,21,9,0,251,45.64,MEDIUM,Synthetic/Simulation Data — For Academic Demonstration,14,35,20.0,2.55
8,Sports Arena Entrance,SPT-01,SPORTS,450,2026-09-21T07:00:00+00:00,7,0,21,9,0,217,48.22,MEDIUM,Synthetic/Simulation Data — For Academic Demonstration,296,49,129.7,65.78
9,Alpha Hostel Quad,HST-01,HOSTEL,500,2026-09-21T07:00:00+00:00,7,0,21,9,0,429,85.8,HIGH,Synthetic/Simulation Data — For Academic Demonstration,438,465,452.0,87.6
10,Beta Hostel Quad,HST-02,HOSTEL,500,2026-09-21T07:00:00+00:00,7,0,21,9,0,411,82.2,HIGH,Synthetic/Simulation Data — For Academic Demonstration,400,433,435.7,80.0
11,Research Park Hub,RES-01,LAB,350,2026-09-21T07:00:00+00:00,7,0,21,9,0,15,4.29,LOW,Synthetic/Simulation Data — For Academic Demonstration,7,13,18.0,2.0
12,Health Center Entrance,MED-01,MEDICAL,150,2026-09-21T07:00:00+00:00,7,0,21,9,0,15,10.0,LOW,Synthetic/Simulation Data — For Academic Demonstration,3,18,10.7,2.0
1,Admin Complex Hub,ADM-01,ADMIN,300,2026-09-21T08:00:00+00:00,8,0,21,9,0,9,3.0,LOW,Synthetic/Simulation Data — For Academic Demonstration,24,34,23.3,8.0
2,CS & AI Complex Hub,CS-01,ACADEMIC,800,2026-09-21T08:00:00+00:00,8,0,21,9,0,563,70.38,HIGH,Synthetic/Simulation Data — For Academic Demonstration,16,16,44.7,2.0
3,Electrical Sciences Hub,EE-01,ACADEMIC,650,2026-09-21T08:00:00+00:00,8,0,21,9,0,501,77.08,HIGH,Synthetic/Simulation Data — For Academic Demonstration,13,14,14.7,2.0
4,Mechanical Quad Hub,ME-01,ACADEMIC,600,2026-09-21T08:00:00+00:00,8,0,21,9,0,422,70.33,HIGH,Synthetic/Simulation Data — For Academic Demonstration,24,29,22.3,4.0
5,Central Library Plaza,LIB-01,LIBRARY,700,2026-09-21T08:00:00+00:00,8,0,21,9,0,222,31.71,LOW,Synthetic/Simulation Data — For Academic Demonstration,14,78,43.0,2.0
6,Auditorium Plaza,AUD-01,AUDITORIUM,1000,2026-09-21T08:00:00+00:00,8,0,21,9,0,109,10.9,LOW,Synthetic/Simulation Data — For Academic Demonstration,99,159,128.3,9.9
7,Food Court Square,CAN-01,CANTEEN,550,2026-09-21T08:00:00+00:00,8,0,21,9,0,322,58.55,MEDIUM,Synthetic/Simulation Data — For Academic Demonstration,251,14,100.0,45.64
8,Sports Arena Entrance,SPT-01,SPORTS,450,2026-09-21T08:00:00+00:00,8,0,21,9,0,268,59.56,MEDIUM,Synthetic/Simulation Data — For Academic Demonstration,217,296,187.3,48.22
9,Alpha Hostel Quad,HST-01,HOSTEL,500,2026-09-21T08:00:00+00:00,8,0,21,9,0,86,17.2,LOW,Synthetic/Simulation Data — For Academic Demonstration,429,438,444.0,85.8
10,Beta Hostel Quad,HST-02,HOSTEL,500,2026-09-21T08:00:00+00:00,8,0,21,9,0,105,21.0,LOW,Synthetic/Simulation Data — For Academic Demonstration,411,400,414.7,82.2
11,Research Park Hub,RES-01,LAB,350,2026-09-21T08:00:00+00:00,8,0,21,9,0,252,72.0,HIGH,Synthetic/Simulation Data — For Academic Demonstration,15,7,11.7,4.29
12,Health Center Entrance,MED-01,MEDICAL,150,2026-09-21T08:00:00+00:00,8,0,21,9,0,50,33.33,LOW,Synthetic/Simulation Data — For Academic Demonstration,15,3,12.0,10.0
1,Admin Complex Hub,ADM-01,ADMIN,300,2026-09-21T09:00:00+00:00,9,0,21,9,0,157,52.33,MEDIUM,Synthetic/Simulation Data — For Academic Demonstration,9,24,22.3,3.0
2,CS & AI Complex Hub,CS-01,ACADEMIC,800,2026-09-21T09:00:00+00:00,9,0,21,9,0,647,80.88,HIGH,Synthetic/Simulation Data — For Academic Demonstration,563,16,198.3,70.38
3,Electrical Sciences Hub,EE-01,ACADEMIC,650,2026-09-21T09:00:00+00:00,9,0,21,9,0,549,84.46,HIGH,Synthetic/Simulation Data — For Academic Demonstration,501,13,176.0,77.08
4,Mechanical Quad Hub,ME-01,ACADEMIC,600,2026-09-21T09:00:00+00:00,9,0,21,9,0,479,79.83,HIGH,Synthetic/Simulation Data — For Academic Demonstration,422,24,158.3,70.33
5,Central Library Plaza,LIB-01,LIBRARY,700,2026-09-21T09:00:00+00:00,9,0,21,9,0,287,41.0,MEDIUM,Synthetic/Simulation Data — For Academic Demonstration,222,14,104.7,31.71
6,Auditorium Plaza,AUD-01,AUDITORIUM,1000,2026-09-21T09:00:00+00:00,9,0,21,9,0,80,8.0,LOW,Synthetic/Simulation Data — For Academic Demonstration,109,99,122.3,10.9
7,Food Court Square,CAN-01,CANTEEN,550,2026-09-21T09:00:00+00:00,9,0,21,9,0,98,17.82,LOW,Synthetic/Simulation Data — For Academic Demonstration,322,251,195.7,58.55
8,Sports Arena Entrance,SPT-01,SPORTS,450,2026-09-21T09:00:00+00:00,9,0,21,9,0,41,9.11,LOW,Synthetic/Simulation Data — For Academic Demonstration,268,217,260.3,59.56
9,Alpha Hostel Quad,HST-01,HOSTEL,500,2026-09-21T09:00:00+00:00,9,0,21,9,0,100,20.0,LOW,Synthetic/Simulation Data — For Academic Demonstration,86,429,317.7,17.2
10,Beta Hostel Quad,HST-02,HOSTEL,500,2026-09-21T09:00:00+00:00,9,0,21,9,0,108,21.6,LOW,Synthetic/Simulation Data — For Academic Demonstration,105,411,305.3,21.0
11,Research Park Hub,RES-01,LAB,350,2026-09-21T09:00:00+00:00,9,0,21,9,0,292,83.43,HIGH,Synthetic/Simulation Data — For Academic Demonstration,252,15,91.3,72.0
12,Health Center Entrance,MED-01,MEDICAL,150,2026-09-21T09:00:00+00:00,9,0,21,9,0,53,35.33,LOW,Synthetic/Simulation Data — For Academic Demonstration,50,15,22.7,33.33
1,Admin Complex Hub,ADM-01,ADMIN,300,2026-09-21T10:00:00+00:00,10,0,21,9,0,165,55.0,MEDIUM,Synthetic/Simulation Data — For Academic Demonstration,157,9,63.3,52.33
2,CS & AI Complex Hub,CS-01,ACADEMIC,800,2026-09-21T10:00:00+00:00,10,0,21,9,0,654,81.75,HIGH,Synthetic/Simulation Data — For Academic Demonstration,647,563,408.7,80.88
3,Electrical Sciences Hub,EE-01,ACADEMIC,650,2026-09-21T10:00:00+00:00,10,0,21,9,0,539,82.92,HIGH,Synthetic/Simulation Data — For Academic Demonstration,549,501,354.3,84.46
4,Mechanical Quad Hub,ME-01,ACADEMIC,600,2026-09-21T10:00:00+00:00,10,0,21,9,0,529,88.17,HIGH,Synthetic/Simulation Data — For Academic Demonstration,479,422,308.3,79.83
5,Central Library Plaza,LIB-01,LIBRARY,700,2026-09-21T10:00:00+00:00,10,0,21,9,0,343,49.0,MEDIUM,Synthetic/Simulation Data — For Academic Demonstration,287,222,174.3,41.0
6,Auditorium Plaza,AUD-01,AUDITORIUM,1000,2026-09-21T10:00:00+00:00,10,0,21,9,0,99,9.9,LOW,Synthetic/Simulation Data — For Academic Demonstration,80,109,96.0,8.0
7,Food Court Square,CAN-01,CANTEEN,550,2026-09-21T10:00:00+00:00,10,0,21,9,0,129,23.45,LOW,Synthetic/Simulation Data — For Academic Demonstration,98,322,223.7,17.82
8,Sports Arena Entrance,SPT-01,SPORTS,450,2026-09-21T10:00:00+00:00,10,0,21,9,0,44,9.78,LOW,Synthetic/Simulation Data — For Academic Demonstration,41,268,175.3,9.11
9,Alpha Hostel Quad,HST-01,HOSTEL,500,2026-09-21T10:00:00+00:00,10,0,21,9,0,117,23.4,LOW,Synthetic/Simulation Data — For Academic Demonstration,100,86,205.0,20.0
10,Beta Hostel Quad,HST-02,HOSTEL,500,2026-09-21T10:00:00+00:00,10,0,21,9,0,97,19.4,LOW,Synthetic/Simulation Data — For Academic Demonstration,108,105,208.0,21.6
11,Research Park Hub,RES-01,LAB,350,2026-09-21T10:00:00+00:00,10,0,21,9,0,325,92.86,CRITICAL,Synthetic/Simulation Data — For Academic Demonstration,292,252,186.3,83.43
12,Health Center Entrance,MED-01,MEDICAL,150,2026-09-21T10:00:00+00:00,10,0,21,9,0,68,45.33,MEDIUM,Synthetic/Simulation Data — For Academic Demonstration,53,50,39.3,35.33
1,Admin Complex Hub,ADM-01,ADMIN,300,2026-09-21T11:00:00+00:00,11,0,21,9,0,183,61.0,MEDIUM,Synthetic/Simulation Data — For Academic Demonstration,165,157,110.3,55.0
2,CS & AI Complex Hub,CS-01,ACADEMIC,800,2026-09-21T11:00:00+00:00,11,0,21,9,0,659,82.38,HIGH,Synthetic/Simulation Data — For Academic Demonstration,654,647,621.3,81.75
3,Electrical Sciences Hub,EE-01,ACADEMIC,650,2026-09-21T11:00:00+00:00,11,0,21,9,0,558,85.85,HIGH,Synthetic/Simulation Data — For Academic Demonstration,539,549,529.7,82.92
4,Mechanical Quad Hub,ME-01,ACADEMIC,600,2026-09-21T11:00:00+00:00,11,0,21,9,0,505,84.17,HIGH,Synthetic/Simulation Data — For Academic Demonstration,529,479,476.7,88.17
5,Central Library Plaza,LIB-01,LIBRARY,700,2026-09-21T11:00:00+00:00,11,0,21,9,0,334,47.71,MEDIUM,Synthetic/Simulation Data — For Academic Demonstration,343,287,284.0,49.0
6,Auditorium Plaza,AUD-01,AUDITORIUM,1000,2026-09-21T11:00:00+00:00,11,0,21,9,0,127,12.7,LOW,Synthetic/Simulation Data — For Academic Demonstration,99,80,96.0,9.9
7,Food Court Square,CAN-01,CANTEEN,550,2026-09-21T11:00:00+00:00,11,0,21,9,0,94,17.09,LOW,Synthetic/Simulation Data — For Academic Demonstration,129,98,183.0,23.45
8,Sports Arena Entrance,SPT-01,SPORTS,450,2026-09-21T11:00:00+00:00,11,0,21,9,0,57,12.67,LOW,Synthetic/Simulation Data — For Academic Demonstration,44,41,117.7,9.78
9,Alpha Hostel Quad,HST-01,HOSTEL,500,2026-09-21T11:00:00+00:00,11,0,21,9,0,139,27.8,LOW,Synthetic/Simulation Data — For Academic Demonstration,117,100,101.0,23.4
10,Beta Hostel Quad,HST-02,HOSTEL,500,2026-09-21T11:00:00+00:00,11,0,21,9,0,105,21.0,LOW,Synthetic/Simulation Data — For Academic Demonstration,97,108,103.3,19.4
11,Research Park Hub,RES-01,LAB,350,2026-09-21T11:00:00+00:00,11,0,21,9,0,293,83.71,HIGH,Synthetic/Simulation Data — For Academic Demonstration,325,292,289.7,92.86
12,Health Center Entrance,MED-01,MEDICAL,150,2026-09-21T11:00:00+00:00,11,0,21,9,0,70,46.67,MEDIUM,Synthetic/Simulation Data — For Academic Demonstration,68,53,57.0,45.33
1,Admin Complex Hub,ADM-01,ADMIN,300,2026-09-21T12:00:00+00:00,12,0,21,9,0,203,67.67,MEDIUM,Synthetic/Simulation Data — For Academic Demonstration,183,165,168.3,61.0
2,CS & AI Complex Hub,CS-01,ACADEMIC,800,2026-09-21T12:00:00+00:00,12,0,21,9,0,246,30.75,LOW,Synthetic/Simulation Data — For Academic Demonstration,659,654,653.3,82.38
3,Electrical Sciences Hub,EE-01,ACADEMIC,650,2026-09-21T12:00:00+00:00,12,0,21,9,0,283,43.54,MEDIUM,Synthetic/Simulation Data — For Academic Demonstration,558,539,548.7,85.85
4,Mechanical Quad Hub,ME-01,ACADEMIC,600,2026-09-21T12:00:00+00:00,12,0,21,9,0,245,40.83,MEDIUM,Synthetic/Simulation Data — For Academic Demonstration,505,529,504.3,84.17
5,Central Library Plaza,LIB-01,LIBRARY,700,2026-09-21T12:00:00+00:00,12,0,21,9,0,390,55.71,MEDIUM,Synthetic/Simulation Data — For Academic Demonstration,334,343,321.3,47.71
6,Auditorium Plaza,AUD-01,AUDITORIUM,1000,2026-09-21T12:00:00+00:00,12,0,21,9,0,137,13.7,LOW,Synthetic/Simulation Data — For Academic Demonstration,127,99,102.0,12.7
7,Food Court Square,CAN-01,CANTEEN,550,2026-09-21T12:00:00+00:00,12,0,21,9,0,454,82.55,HIGH,Synthetic/Simulation Data — For Academic Demonstration,94,129,107.0,17.09
8,Sports Arena Entrance,SPT-01,SPORTS,450,2026-09-21T12:00:00+00:00,12,0,21,9,0,25,5.56,LOW,Synthetic/Simulation Data — For Academic Demonstration,57,44,47.3,12.67
9,Alpha Hostel Quad,HST-01,HOSTEL,500,2026-09-21T12:00:00+00:00,12,0,21,9,0,119,23.8,LOW,Synthetic/Simulation Data — For Academic Demonstration,139,117,118.7,27.8
10,Beta Hostel Quad,HST-02,HOSTEL,500,2026-09-21T12:00:00+00:00,12,0,21,9,0,109,21.8,LOW,Synthetic/Simulation Data — For Academic Demonstration,105,97,103.3,21.0
11,Research Park Hub,RES-01,LAB,350,2026-09-21T12:00:00+00:00,12,0,21,9,0,119,34.0,LOW,Synthetic/Simulation Data — For Academic Demonstration,293,325,303.3,83.71
12,Health Center Entrance,MED-01,MEDICAL,150,2026-09-21T12:00:00+00:00,12,0,21,9,0,63,42.0,MEDIUM,Synthetic/Simulation Data — For Academic Demonstration,70,68,63.7,46.67
1,Admin Complex Hub,ADM-01,ADMIN,300,2026-09-21T13:00:00+00:00,13,0,21,9,0,181,60.33,MEDIUM,Synthetic/Simulation Data — For Academic Demonstration,203,183,183.7,67.67
2,CS & AI Complex Hub,CS-01,ACADEMIC,800,2026-09-21T13:00:00+00:00,13,0,21,9,0,295,36.88,LOW,Synthetic/Simulation Data — For Academic Demonstration,246,659,519.7,30.75
3,Electrical Sciences Hub,EE-01,ACADEMIC,650,2026-09-21T13:00:00+00:00,13,0,21,9,0,254,39.08,LOW,Synthetic/Simulation Data — For Academic Demonstration,283,558,460.0,43.54
4,Mechanical Quad Hub,ME-01,ACADEMIC,600,2026-09-21T13:00:00+00:00,13,0,21,9,0,233,38.83,LOW,Synthetic/Simulation Data — For Academic Demonstration,245,505,426.3,40.83
5,Central Library Plaza,LIB-01,LIBRARY,700,2026-09-21T13:00:00+00:00,13,0,21,9,0,481,68.71,MEDIUM,Synthetic/Simulation Data — For Academic Demonstration,390,334,355.7,55.71
6,Auditorium Plaza,AUD-01,AUDITORIUM,1000,2026-09-21T13:00:00+00:00,13,0,21,9,0,64,6.4,LOW,Synthetic/Simulation Data — For Academic Demonstration,137,127,121.0,13.7
7,Food Court Square,CAN-01,CANTEEN,550,2026-09-21T13:00:00+00:00,13,0,21,9,0,500,90.91,CRITICAL,Synthetic/Simulation Data — For Academic Demonstration,454,94,225.7,82.55
8,Sports Arena Entrance,SPT-01,SPORTS,450,2026-09-21T13:00:00+00:00,13,0,21,9,0,52,11.56,LOW,Synthetic/Simulation Data — For Academic Demonstration,25,57,42.0,5.56
9,Alpha Hostel Quad,HST-01,HOSTEL,500,2026-09-21T13:00:00+00:00,13,0,21,9,0,126,25.2,LOW,Synthetic/Simulation Data — For Academic Demonstration,119,139,125.0,23.8
10,Beta Hostel Quad,HST-02,HOSTEL,500,2026-09-21T13:00:00+00:00,13,0,21,9,0,153,30.6,LOW,Synthetic/Simulation Data — For Academic Demonstration,109,105,103.7,21.8
11,Research Park Hub,RES-01,LAB,350,2026-09-21T13:00:00+00:00,13,0,21,9,0,128,36.57,LOW,Synthetic/Simulation Data — For Academic Demonstration,119,293,245.7,34.0
12,Health Center Entrance,MED-01,MEDICAL,150,2026-09-21T13:00:00+00:00,13,0,21,9,0,71,47.33,MEDIUM,Synthetic/Simulation Data — For Academic Demonstration,63,70,67.0,42.0
1,Admin Complex Hub,ADM-01,ADMIN,300,2026-09-21T14:00:00+00:00,14,0,21,9,0,178,59.33,MEDIUM,Synthetic/Simulation Data — For Academic Demonstration,181,203,189.0,60.33
2,CS & AI Complex Hub,CS-01,ACADEMIC,800,2026-09-21T14:00:00+00:00,14,0,21,9,0,571,71.38,HIGH,Synthetic/Simulation Data — For Academic Demonstration,295,246,400.0,36.88
3,Electrical Sciences Hub,EE-01,ACADEMIC,650,2026-09-21T14:00:00+00:00,14,0,21,9,0,448,68.92,MEDIUM,Synthetic/Simulation Data — For Academic Demonstration,254,283,365.0,39.08
4,Mechanical Quad Hub,ME-01,ACADEMIC,600,2026-09-21T14:00:00+00:00,14,0,21,9,0,502,83.67,HIGH,Synthetic/Simulation Data — For Academic Demonstration,233,245,327.7,38.83
5,Central Library Plaza,LIB-01,LIBRARY,700,2026-09-21T14:00:00+00:00,14,0,21,9,0,529,75.57,HIGH,Synthetic/Simulation Data — For Academic Demonstration,481,390,401.7,68.71
6,Auditorium Plaza,AUD-01,AUDITORIUM,1000,2026-09-21T14:00:00+00:00,14,0,21,9,0,128,12.8,LOW,Synthetic/Simulation Data — For Academic Demonstration,64,137,109.3,6.4
7,Food Court Square,CAN-01,CANTEEN,550,2026-09-21T14:00:00+00:00,14,0,21,9,0,15,2.73,LOW,Synthetic/Simulation Data — For Academic Demonstration,500,454,349.3,90.91
8,Sports Arena Entrance,SPT-01,SPORTS,450,2026-09-21T14:00:00+00:00,14,0,21,9,0,48,10.67,LOW,Synthetic/Simulation Data — For Academic Demonstration,52,25,44.7,11.56
9,Alpha Hostel Quad,HST-01,HOSTEL,500,2026-09-21T14:00:00+00:00,14,0,21,9,0,100,20.0,LOW,Synthetic/Simulation Data — For Academic Demonstration,126,119,128.0,25.2
10,Beta Hostel Quad,HST-02,HOSTEL,500,2026-09-21T14:00:00+00:00,14,0,21,9,0,110,22.0,LOW,Synthetic/Simulation Data — For Academic Demonstration,153,109,122.3,30.6
11,Research Park Hub,RES-01,LAB,350,2026-09-21T14:00:00+00:00,14,0,21,9,0,269,76.86,HIGH,Synthetic/Simulation Data — For Academic Demonstration,128,119,180.0,36.57
12,Health Center Entrance,MED-01,MEDICAL,150,2026-09-21T14:00:00+00:00,14,0,21,9,0,57,38.0,LOW,Synthetic/Simulation Data — For Academic Demonstration,71,63,68.0,47.33
1,Admin Complex Hub,ADM-01,ADMIN,300,2026-09-21T15:00:00+00:00,15,0,21,9,0,180,60.0,MEDIUM,Synthetic/Simulation Data — For Academic Demonstration,178,181,187.3,59.33
2,CS & AI Complex Hub,CS-01,ACADEMIC,800,2026-09-21T15:00:00+00:00,15,0,21,9,0,744,93.0,CRITICAL,Synthetic/Simulation Data — For Academic Demonstration,571,295,370.7,71.38
3,Electrical Sciences Hub,EE-01,ACADEMIC,650,2026-09-21T15:00:00+00:00,15,0,21,9,0,551,84.77,HIGH,Synthetic/Simulation Data — For Academic Demonstration,448,254,328.3,68.92
4,Mechanical Quad Hub,ME-01,ACADEMIC,600,2026-09-21T15:00:00+00:00,15,0,21,9,0,502,83.67,HIGH,Synthetic/Simulation Data — For Academic Demonstration,502,233,326.7,83.67
5,Central Library Plaza,LIB-01,LIBRARY,700,2026-09-21T15:00:00+00:00,15,0,21,9,0,547,78.14,HIGH,Synthetic/Simulation Data — For Academic Demonstration,529,481,466.7,75.57
6,Auditorium Plaza,AUD-01,AUDITORIUM,1000,2026-09-21T15:00:00+00:00,15,0,21,9,0,140,14.0,LOW,Synthetic/Simulation Data — For Academic Demonstration,128,64,109.7,12.8
7,Food Court Square,CAN-01,CANTEEN,550,2026-09-21T15:00:00+00:00,15,0,21,9,0,11,2.0,LOW,Synthetic/Simulation Data — For Academic Demonstration,15,500,323.0,2.73
8,Sports Arena Entrance,SPT-01,SPORTS,450,2026-09-21T15:00:00+00:00,15,0,21,9,0,54,12.0,LOW,Synthetic/Simulation Data — For Academic Demonstration,48,52,41.7,10.67
9,Alpha Hostel Quad,HST-01,HOSTEL,500,2026-09-21T15:00:00+00:00,15,0,21,9,0,117,23.4,LOW,Synthetic/Simulation Data — For Academic Demonstration,100,126,115.0,20.0
10,Beta Hostel Quad,HST-02,HOSTEL,500,2026-09-21T15:00:00+00:00,15,0,21,9,0,97,19.4,LOW,Synthetic/Simulation Data — For Academic Demonstration,110,153,124.0,22.0
11,Research Park Hub,RES-01,LAB,350,2026-09-21T15:00:00+00:00,15,0,21,9,0,285,81.43,HIGH,Synthetic/Simulation Data — For Academic Demonstration,269,128,172.0,76.86
12,Health Center Entrance,MED-01,MEDICAL,150,2026-09-21T15:00:00+00:00,15,0,21,9,0,74,49.33,MEDIUM,Synthetic/Simulation Data — For Academic Demonstration,57,71,63.7,38.0
1,Admin Complex Hub,ADM-01,ADMIN,300,2026-09-21T16:00:00+00:00,16,0,21,9,0,156,52.0,MEDIUM,Synthetic/Simulation Data — For Academic Demonstration,180,178,179.7,60.0
2,CS & AI Complex Hub,CS-01,ACADEMIC,800,2026-09-21T16:00:00+00:00,16,0,21,9,0,692,86.5,HIGH,Synthetic/Simulation Data — For Academic Demonstration,744,571,536.7,93.0
3,Electrical Sciences Hub,EE-01,ACADEMIC,650,2026-09-21T16:00:00+00:00,16,0,21,9,0,615,94.62,CRITICAL,Synthetic/Simulation Data — For Academic Demonstration,551,448,417.7,84.77
4,Mechanical Quad Hub,ME-01,ACADEMIC,600,2026-09-21T16:00:00+00:00,16,0,21,9,0,559,93.17,CRITICAL,Synthetic/Simulation Data — For Academic Demonstration,502,502,412.3,83.67
5,Central Library Plaza,LIB-01,LIBRARY,700,2026-09-21T16:00:00+00:00,16,0,21,9,0,521,74.43,HIGH,Synthetic/Simulation Data — For Academic Demonstration,547,529,519.0,78.14
6,Auditorium Plaza,AUD-01,AUDITORIUM,1000,2026-09-21T16:00:00+00:00,16,0,21,9,0,94,9.4,LOW,Synthetic/Simulation Data — For Academic Demonstration,140,128,110.7,14.0
7,Food Court Square,CAN-01,CANTEEN,550,2026-09-21T16:00:00+00:00,16,0,21,9,0,303,55.09,MEDIUM,Synthetic/Simulation Data — For Academic Demonstration,11,15,175.3,2.0
8,Sports Arena Entrance,SPT-01,SPORTS,450,2026-09-21T16:00:00+00:00,16,0,21,9,0,50,11.11,LOW,Synthetic/Simulation Data — For Academic Demonstration,54,48,51.3,12.0
9,Alpha Hostel Quad,HST-01,HOSTEL,500,2026-09-21T16:00:00+00:00,16,0,21,9,0,59,11.8,LOW,Synthetic/Simulation Data — For Academic Demonstration,117,100,114.3,23.4
10,Beta Hostel Quad,HST-02,HOSTEL,500,2026-09-21T16:00:00+00:00,16,0,21,9,0,93,18.6,LOW,Synthetic/Simulation Data — For Academic Demonstration,97,110,120.0,19.4
11,Research Park Hub,RES-01,LAB,350,2026-09-21T16:00:00+00:00,16,0,21,9,0,330,94.29,CRITICAL,Synthetic/Simulation Data — For Academic Demonstration,285,269,227.3,81.43
12,Health Center Entrance,MED-01,MEDICAL,150,2026-09-21T16:00:00+00:00,16,0,21,9,0,69,46.0,MEDIUM,Synthetic/Simulation Data — For Academic Demonstration,74,57,67.3,49.33
1,Admin Complex Hub,ADM-01,ADMIN,300,2026-09-21T17:00:00+00:00,17,0,21,9,0,151,50.33,MEDIUM,Synthetic/Simulation Data — For Academic Demonstration,156,180,171.3,52.0
2,CS & AI Complex Hub,CS-01,ACADEMIC,800,2026-09-21T17:00:00+00:00,17,0,21,9,0,190,23.75,LOW,Synthetic/Simulation Data — For Academic Demonstration,692,744,669.0,86.5
3,Electrical Sciences Hub,EE-01,ACADEMIC,650,2026-09-21T17:00:00+00:00,17,0,21,9,0,144,22.15,LOW,Synthetic/Simulation Data — For Academic Demonstration,615,551,538.0,94.62
4,Mechanical Quad Hub,ME-01,ACADEMIC,600,2026-09-21T17:00:00+00:00,17,0,21,9,0,154,25.67,LOW,Synthetic/Simulation Data — For Academic Demonstration,559,502,521.0,93.17
5,Central Library Plaza,LIB-01,LIBRARY,700,2026-09-21T17:00:00+00:00,17,0,21,9,0,550,78.57,HIGH,Synthetic/Simulation Data — For Academic Demonstration,521,547,532.3,74.43
6,Auditorium Plaza,AUD-01,AUDITORIUM,1000,2026-09-21T17:00:00+00:00,17,0,21,9,0,145,14.5,LOW,Synthetic/Simulation Data — For Academic Demonstration,94,140,120.7,9.4
7,Food Court Square,CAN-01,CANTEEN,550,2026-09-21T17:00:00+00:00,17,0,21,9,0,387,70.36,HIGH,Synthetic/Simulation Data — For Academic Demonstration,303,11,109.7,55.09
8,Sports Arena Entrance,SPT-01,SPORTS,450,2026-09-21T17:00:00+00:00,17,0,21,9,0,359,79.78,HIGH,Synthetic/Simulation Data — For Academic Demonstration,50,54,50.7,11.11
9,Alpha Hostel Quad,HST-01,HOSTEL,500,2026-09-21T17:00:00+00:00,17,0,21,9,0,286,57.2,MEDIUM,Synthetic/Simulation Data — For Academic Demonstration,59,117,92.0,11.8
10,Beta Hostel Quad,HST-02,HOSTEL,500,2026-09-21T17:00:00+00:00,17,0,21,9,0,255,51.0,MEDIUM,Synthetic/Simulation Data — For Academic Demonstration,93,97,100.0,18.6
11,Research Park Hub,RES-01,LAB,350,2026-09-21T17:00:00+00:00,17,0,21,9,0,83,23.71,LOW,Synthetic/Simulation Data — For Academic Demonstration,330,285,294.7,94.29
12,Health Center Entrance,MED-01,MEDICAL,150,2026-09-21T17:00:00+00:00,17,0,21,9,0,57,38.0,LOW,Synthetic/Simulation Data — For Academic Demonstration,69,74,66.7,46.0
1,Admin Complex Hub,ADM-01,ADMIN,300,2026-09-21T18:00:00+00:00,18,0,21,9,0,6,2.0,LOW,Synthetic/Simulation Data — For Academic Demonstration,151,156,162.3,50.33
2,CS & AI Complex Hub,CS-01,ACADEMIC,800,2026-09-21T18:00:00+00:00,18,0,21,9,0,178,22.25,LOW,Synthetic/Simulation Data — For Academic Demonstration,190,692,542.0,23.75
3,Electrical Sciences Hub,EE-01,ACADEMIC,650,2026-09-21T18:00:00+00:00,18,0,21,9,0,135,20.77,LOW,Synthetic/Simulation Data — For Academic Demonstration,144,615,436.7,22.15
4,Mechanical Quad Hub,ME-01,ACADEMIC,600,2026-09-21T18:00:00+00:00,18,0,21,9,0,167,27.83,LOW,Synthetic/Simulation Data — For Academic Demonstration,154,559,405.0,25.67
5,Central Library Plaza,LIB-01,LIBRARY,700,2026-09-21T18:00:00+00:00,18,0,21,9,0,614,87.71,HIGH,Synthetic/Simulation Data — For Academic Demonstration,550,521,539.3,78.57
6,Auditorium Plaza,AUD-01,AUDITORIUM,1000,2026-09-21T18:00:00+00:00,18,0,21,9,0,31,3.1,LOW,Synthetic/Simulation Data — For Academic Demonstration,145,94,126.3,14.5
7,Food Court Square,CAN-01,CANTEEN,550,2026-09-21T18:00:00+00:00,18,0,21,9,0,11,2.0,LOW,Synthetic/Simulation Data — For Academic Demonstration,387,303,233.7,70.36
8,Sports Arena Entrance,SPT-01,SPORTS,450,2026-09-21T18:00:00+00:00,18,0,21,9,0,362,80.44,HIGH,Synthetic/Simulation Data — For Academic Demonstration,359,50,154.3,79.78
9,Alpha Hostel Quad,HST-01,HOSTEL,500,2026-09-21T18:00:00+00:00,18,0,21,9,0,314,62.8,MEDIUM,Synthetic/Simulation Data — For Academic Demonstration,286,59,154.0,57.2
10,Beta Hostel Quad,HST-02,HOSTEL,500,2026-09-21T18:00:00+00:00,18,0,21,9,0,309,61.8,MEDIUM,Synthetic/Simulation Data — For Academic Demonstration,255,93,148.3,51.0
11,Research Park Hub,RES-01,LAB,350,2026-09-21T18:00:00+00:00,18,0,21,9,0,63,18.0,LOW,Synthetic/Simulation Data — For Academic Demonstration,83,330,232.7,23.71
12,Health Center Entrance,MED-01,MEDICAL,150,2026-09-21T18:00:00+00:00,18,0,21,9,0,59,39.33,LOW,Synthetic/Simulation Data — For Academic Demonstration,57,69,66.7,38.0
1,Admin Complex Hub,ADM-01,ADMIN,300,2026-09-21T19:00:00+00:00,19,0,21,9,0,6,2.0,LOW,Synthetic/Simulation Data — For Academic Demonstration,6,151,104.3,2.0
2,CS & AI Complex Hub,CS-01,ACADEMIC,800,2026-09-21T19:00:00+00:00,19,0,21,9,0,65,8.12,LOW,Synthetic/Simulation Data — For Academic Demonstration,178,190,353.3,22.25
3,Electrical Sciences Hub,EE-01,ACADEMIC,650,2026-09-21T19:00:00+00:00,19,0,21,9,0,105,16.15,LOW,Synthetic/Simulation Data — For Academic Demonstration,135,144,298.0,20.77
4,Mechanical Quad Hub,ME-01,ACADEMIC,600,2026-09-21T19:00:00+00:00,19,0,21,9,0,59,9.83,LOW,Synthetic/Simulation Data — For Academic Demonstration,167,154,293.3,27.83
5,Central Library Plaza,LIB-01,LIBRARY,700,2026-09-21T19:00:00+00:00,19,0,21,9,0,641,91.57,CRITICAL,Synthetic/Simulation Data — For Academic Demonstration,614,550,561.7,87.71
6,Auditorium Plaza,AUD-01,AUDITORIUM,1000,2026-09-21T19:00:00+00:00,19,0,21,9,0,20,2.0,LOW,Synthetic/Simulation Data — For Academic Demonstration,31,145,90.0,3.1
7,Food Court Square,CAN-01,CANTEEN,550,2026-09-21T19:00:00+00:00,19,0,21,9,0,340,61.82,MEDIUM,Synthetic/Simulation Data — For Academic Demonstration,11,387,233.7,2.0
8,Sports Arena Entrance,SPT-01,SPORTS,450,2026-09-21T19:00:00+00:00,19,0,21,9,0,386,85.78,HIGH,Synthetic/Simulation Data — For Academic Demonstration,362,359,257.0,80.44
9,Alpha Hostel Quad,HST-01,HOSTEL,500,2026-09-21T19:00:00+00:00,19,0,21,9,0,320,64.0,MEDIUM,Synthetic/Simulation Data — For Academic Demonstration,314,286,219.7,62.8
10,Beta Hostel Quad,HST-02,HOSTEL,500,2026-09-21T19:00:00+00:00,19,0,21,9,0,345,69.0,MEDIUM,Synthetic/Simulation Data — For Academic Demonstration,309,255,219.0,61.8
11,Research Park Hub,RES-01,LAB,350,2026-09-21T19:00:00+00:00,19,0,21,9,0,56,16.0,LOW,Synthetic/Simulation Data — For Academic Demonstration,63,83,158.7,18.0
12,Health Center Entrance,MED-01,MEDICAL,150,2026-09-21T19:00:00+00:00,19,0,21,9,0,7,4.67,LOW,Synthetic/Simulation Data — For Academic Demonstration,59,57,61.7,39.33
1,Admin Complex Hub,ADM-01,ADMIN,300,2026-09-21T20:00:00+00:00,20,0,21,9,0,33,11.0,LOW,Synthetic/Simulation Data — For Academic Demonstration,6,6,54.3,2.0
2,CS & AI Complex Hub,CS-01,ACADEMIC,800,2026-09-21T20:00:00+00:00,20,0,21,9,0,39,4.88,LOW,Synthetic/Simulation Data — For Academic Demonstration,65,178,144.3,8.12
3,Electrical Sciences Hub,EE-01,ACADEMIC,650,2026-09-21T20:00:00+00:00,20,0,21,9,0,13,2.0,LOW,Synthetic/Simulation Data — For Academic Demonstration,105,135,128.0,16.15
4,Mechanical Quad Hub,ME-01,ACADEMIC,600,2026-09-21T20:00:00+00:00,20,0,21,9,0,12,2.0,LOW,Synthetic/Simulation Data — For Academic Demonstration,59,167,126.7,9.83
5,Central Library Plaza,LIB-01,LIBRARY,700,2026-09-21T20:00:00+00:00,20,0,21,9,0,603,86.14,HIGH,Synthetic/Simulation Data — For Academic Demonstration,641,614,601.7,91.57
6,Auditorium Plaza,AUD-01,AUDITORIUM,1000,2026-09-21T20:00:00+00:00,20,0,21,9,0,20,2.0,LOW,Synthetic/Simulation Data — For Academic Demonstration,20,31,65.3,2.0
7,Food Court Square,CAN-01,CANTEEN,550,2026-09-21T20:00:00+00:00,20,0,21,9,0,431,78.36,HIGH,Synthetic/Simulation Data — For Academic Demonstration,340,11,246.0,61.82
8,Sports Arena Entrance,SPT-01,SPORTS,450,2026-09-21T20:00:00+00:00,20,0,21,9,0,358,79.56,HIGH,Synthetic/Simulation Data — For Academic Demonstration,386,362,369.0,85.78
9,Alpha Hostel Quad,HST-01,HOSTEL,500,2026-09-21T20:00:00+00:00,20,0,21,9,0,339,67.8,MEDIUM,Synthetic/Simulation Data — For Academic Demonstration,320,314,306.7,64.0
10,Beta Hostel Quad,HST-02,HOSTEL,500,2026-09-21T20:00:00+00:00,20,0,21,9,0,335,67.0,MEDIUM,Synthetic/Simulation Data — For Academic Demonstration,345,309,303.0,69.0
11,Research Park Hub,RES-01,LAB,350,2026-09-21T20:00:00+00:00,20,0,21,9,0,24,6.86,LOW,Synthetic/Simulation Data — For Academic Demonstration,56,63,67.3,16.0
12,Health Center Entrance,MED-01,MEDICAL,150,2026-09-21T20:00:00+00:00,20,0,21,9,0,9,6.0,LOW,Synthetic/Simulation Data — For Academic Demonstration,7,59,41.0,4.67
1,Admin Complex Hub,ADM-01,ADMIN,300,2026-09-21T21:00:00+00:00,21,0,21,9,0,12,4.0,LOW,Synthetic/Simulation Data — For Academic Demonstration,33,6,15.0,11.0
2,CS & AI Complex Hub,CS-01,ACADEMIC,800,2026-09-21T21:00:00+00:00,21,0,21,9,0,74,9.25,LOW,Synthetic/Simulation Data — For Academic Demonstration,39,65,94.0,4.88
3,Electrical Sciences Hub,EE-01,ACADEMIC,650,2026-09-21T21:00:00+00:00,21,0,21,9,0,24,3.69,LOW,Synthetic/Simulation Data — For Academic Demonstration,13,105,84.3,2.0
4,Mechanical Quad Hub,ME-01,ACADEMIC,600,2026-09-21T21:00:00+00:00,21,0,21,9,0,12,2.0,LOW,Synthetic/Simulation Data — For Academic Demonstration,12,59,79.3,2.0
5,Central Library Plaza,LIB-01,LIBRARY,700,2026-09-21T21:00:00+00:00,21,0,21,9,0,596,85.14,HIGH,Synthetic/Simulation Data — For Academic Demonstration,603,641,619.3,86.14
6,Auditorium Plaza,AUD-01,AUDITORIUM,1000,2026-09-21T21:00:00+00:00,21,0,21,9,0,105,10.5,LOW,Synthetic/Simulation Data — For Academic Demonstration,20,20,23.7,2.0
7,Food Court Square,CAN-01,CANTEEN,550,2026-09-21T21:00:00+00:00,21,0,21,9,0,411,74.73,HIGH,Synthetic/Simulation Data — For Academic Demonstration,431,340,260.7,78.36
8,Sports Arena Entrance,SPT-01,SPORTS,450,2026-09-21T21:00:00+00:00,21,0,21,9,0,35,7.78,LOW,Synthetic/Simulation Data — For Academic Demonstration,358,386,368.7,79.56
9,Alpha Hostel Quad,HST-01,HOSTEL,500,2026-09-21T21:00:00+00:00,21,0,21,9,0,411,82.2,HIGH,Synthetic/Simulation Data — For Academic Demonstration,339,320,324.3,67.8
10,Beta Hostel Quad,HST-02,HOSTEL,500,2026-09-21T21:00:00+00:00,21,0,21,9,0,424,84.8,HIGH,Synthetic/Simulation Data — For Academic Demonstration,335,345,329.7,67.0
11,Research Park Hub,RES-01,LAB,350,2026-09-21T21:00:00+00:00,21,0,21,9,0,7,2.0,LOW,Synthetic/Simulation Data — For Academic Demonstration,24,56,47.7,6.86
12,Health Center Entrance,MED-01,MEDICAL,150,2026-09-21T21:00:00+00:00,21,0,21,9,0,18,12.0,LOW,Synthetic/Simulation Data — For Academic Demonstration,9,7,25.0,6.0
1,Admin Complex Hub,ADM-01,ADMIN,300,2026-09-21T22:00:00+00:00,22,0,21,9,0,16,5.33,LOW,Synthetic/Simulation Data — For Academic Demonstration,12,33,17.0,4.0
2,CS & AI Complex Hub,CS-01,ACADEMIC,800,2026-09-21T22:00:00+00:00,22,0,21,9,0,16,2.0,LOW,Synthetic/Simulation Data — For Academic Demonstration,74,39,59.3,9.25
3,Electrical Sciences Hub,EE-01,ACADEMIC,650,2026-09-21T22:00:00+00:00,22,0,21,9,0,13,2.0,LOW,Synthetic/Simulation Data — For Academic Demonstration,24,13,47.3,3.69
4,Mechanical Quad Hub,ME-01,ACADEMIC,600,2026-09-21T22:00:00+00:00,22,0,21,9,0,12,2.0,LOW,Synthetic/Simulation Data — For Academic Demonstration,12,12,27.7,2.0
5,Central Library Plaza,LIB-01,LIBRARY,700,2026-09-21T22:00:00+00:00,22,0,21,9,0,101,14.43,LOW,Synthetic/Simulation Data — For Academic Demonstration,596,603,613.3,85.14
6,Auditorium Plaza,AUD-01,AUDITORIUM,1000,2026-09-21T22:00:00+00:00,22,0,21,9,0,68,6.8,LOW,Synthetic/Simulation Data — For Academic Demonstration,105,20,48.3,10.5
7,Food Court Square,CAN-01,CANTEEN,550,2026-09-21T22:00:00+00:00,22,0,21,9,0,20,3.64,LOW,Synthetic/Simulation Data — For Academic Demonstration,411,431,394.0,74.73
8,Sports Arena Entrance,SPT-01,SPORTS,450,2026-09-21T22:00:00+00:00,22,0,21,9,0,34,7.56,LOW,Synthetic/Simulation Data — For Academic Demonstration,35,358,259.7,7.78
9,Alpha Hostel Quad,HST-01,HOSTEL,500,2026-09-21T22:00:00+00:00,22,0,21,9,0,481,96.2,CRITICAL,Synthetic/Simulation Data — For Academic Demonstration,411,339,356.7,82.2
10,Beta Hostel Quad,HST-02,HOSTEL,500,2026-09-21T22:00:00+00:00,22,0,21,9,0,479,95.8,CRITICAL,Synthetic/Simulation Data — For Academic Demonstration,424,335,368.0,84.8
11,Research Park Hub,RES-01,LAB,350,2026-09-21T22:00:00+00:00,22,0,21,9,0,25,7.14,LOW,Synthetic/Simulation Data — For Academic Demonstration,7,24,29.0,2.0
12,Health Center Entrance,MED-01,MEDICAL,150,2026-09-21T22:00:00+00:00,22,0,21,9,0,11,7.33,LOW,Synthetic/Simulation Data — For Academic Demonstration,18,9,11.3,12.0
1,Admin Complex Hub,ADM-01,ADMIN,300,2026-09-21T23:00:00+00:00,23,0,21,9,0,6,2.0,LOW,Synthetic/Simulation Data — For Academic Demonstration,16,12,20.3,5.33
2,CS & AI Complex Hub,CS-01,ACADEMIC,800,2026-09-21T23:00:00+00:00,23,0,21,9,0,38,4.75,LOW,Synthetic/Simulation Data — For Academic Demonstration,16,74,43.0,2.0
3,Electrical Sciences Hub,EE-01,ACADEMIC,650,2026-09-21T23:00:00+00:00,23,0,21,9,0,13,2.0,LOW,Synthetic/Simulation Data — For Academic Demonstration,13,24,16.7,2.0
4,Mechanical Quad Hub,ME-01,ACADEMIC,600,2026-09-21T23:00:00+00:00,23,0,21,9,0,12,2.0,LOW,Synthetic/Simulation Data — For Academic Demonstration,12,12,12.0,2.0
5,Central Library Plaza,LIB-01,LIBRARY,700,2026-09-21T23:00:00+00:00,23,0,21,9,0,63,9.0,LOW,Synthetic/Simulation Data — For Academic Demonstration,101,596,433.3,14.43
6,Auditorium Plaza,AUD-01,AUDITORIUM,1000,2026-09-21T23:00:00+00:00,23,0,21,9,0,38,3.8,LOW,Synthetic/Simulation Data — For Academic Demonstration,68,105,64.3,6.8
7,Food Court Square,CAN-01,CANTEEN,550,2026-09-21T23:00:00+00:00,23,0,21,9,0,11,2.0,LOW,Synthetic/Simulation Data — For Academic Demonstration,20,411,287.3,3.64
8,Sports Arena Entrance,SPT-01,SPORTS,450,2026-09-21T23:00:00+00:00,23,0,21,9,0,66,14.67,LOW,Synthetic/Simulation Data — For Academic Demonstration,34,35,142.3,7.56
9,Alpha Hostel Quad,HST-01,HOSTEL,500,2026-09-21T23:00:00+00:00,23,0,21,9,0,461,92.2,CRITICAL,Synthetic/Simulation Data — For Academic Demonstration,481,411,410.3,96.2
10,Beta Hostel Quad,HST-02,HOSTEL,500,2026-09-21T23:00:00+00:00,23,0,21,9,0,475,95.0,CRITICAL,Synthetic/Simulation Data — For Academic Demonstration,479,424,412.7,95.8
11,Research Park Hub,RES-01,LAB,350,2026-09-21T23:00:00+00:00,23,0,21,9,0,7,2.0,LOW,Synthetic/Simulation Data — For Academic Demonstration,25,7,18.7,7.14
12,Health Center Entrance,MED-01,MEDICAL,150,2026-09-21T23:00:00+00:00,23,0,21,9,0,15,10.0,LOW,Synthetic/Simulation Data — For Academic Demonstration,11,18,12.7,7.33
1,Admin Complex Hub,ADM-01,ADMIN,300,2026-09-22T00:00:00+00:00,0,1,22,9,0,8,2.67,LOW,Synthetic/Simulation Data — For Academic Demonstration,6,16,11.3,2.0
2,CS & AI Complex Hub,CS-01,ACADEMIC,800,2026-09-22T00:00:00+00:00,0,1,22,9,0,40,5.0,LOW,Synthetic/Simulation Data — For Academic Demonstration,38,16,42.7,4.75
3,Electrical Sciences Hub,EE-01,ACADEMIC,650,2026-09-22T00:00:00+00:00,0,1,22,9,0,19,2.92,LOW,Synthetic/Simulation Data — For Academic Demonstration,13,13,16.7,2.0
4,Mechanical Quad Hub,ME-01,ACADEMIC,600,2026-09-22T00:00:00+00:00,0,1,22,9,0,12,2.0,LOW,Synthetic/Simulation Data — For Academic Demonstration,12,12,12.0,2.0
5,Central Library Plaza,LIB-01,LIBRARY,700,2026-09-22T00:00:00+00:00,0,1,22,9,0,23,3.29,LOW,Synthetic/Simulation Data — For Academic Demonstration,63,101,253.3,9.0
6,Auditorium Plaza,AUD-01,AUDITORIUM,1000,2026-09-22T00:00:00+00:00,0,1,22,9,0,91,9.1,LOW,Synthetic/Simulation Data — For Academic Demonstration,38,68,70.3,3.8
7,Food Court Square,CAN-01,CANTEEN,550,2026-09-22T00:00:00+00:00,0,1,22,9,0,34,6.18,LOW,Synthetic/Simulation Data — For Academic Demonstration,11,20,147.3,2.0
8,Sports Arena Entrance,SPT-01,SPORTS,450,2026-09-22T00:00:00+00:00,0,1,22,9,0,71,15.78,LOW,Synthetic/Simulation Data — For Academic Demonstration,66,34,45.0,14.67
9,Alpha Hostel Quad,HST-01,HOSTEL,500,2026-09-22T00:00:00+00:00,0,1,22,9,0,471,94.2,CRITICAL,Synthetic/Simulation Data — For Academic Demonstration,461,481,451.0,92.2
10,Beta Hostel Quad,HST-02,HOSTEL,500,2026-09-22T00:00:00+00:00,0,1,22,9,0,495,99.0,CRITICAL,Synthetic/Simulation Data — For Academic Demonstration,475,479,459.3,95.0
11,Research Park Hub,RES-01,LAB,350,2026-09-22T00:00:00+00:00,0,1,22,9,0,39,11.14,LOW,Synthetic/Simulation Data — For Academic Demonstration,7,25,13.0,2.0
12,Health Center Entrance,MED-01,MEDICAL,150,2026-09-22T00:00:00+00:00,0,1,22,9,0,12,8.0,LOW,Synthetic/Simulation Data — For Academic Demonstration,15,11,14.7,10.0
1,Admin Complex Hub,ADM-01,ADMIN,300,2026-09-22T01:00:00+00:00,1,1,22,9,0,16,5.33,LOW,Synthetic/Simulation Data — For Academic Demonstration,8,6,10.0,2.67
2,CS & AI Complex Hub,CS-01,ACADEMIC,800,2026-09-22T01:00:00+00:00,1,1,22,9,0,57,7.12,LOW,Synthetic/Simulation Data — For Academic Demonstration,40,38,31.3,5.0
3,Electrical Sciences Hub,EE-01,ACADEMIC,650,2026-09-22T01:00:00+00:00,1,1,22,9,0,13,2.0,LOW,Synthetic/Simulation Data — For Academic Demonstration,19,13,15.0,2.92
4,Mechanical Quad Hub,ME-01,ACADEMIC,600,2026-09-22T01:00:00+00:00,1,1,22,9,0,28,4.67,LOW,Synthetic/Simulation Data — For Academic Demonstration,12,12,12.0,2.0
5,Central Library Plaza,LIB-01,LIBRARY,700,2026-09-22T01:00:00+00:00,1,1,22,9,0,79,11.29,LOW,Synthetic/Simulation Data — For Academic Demonstration,23,63,62.3,3.29
6,Auditorium Plaza,AUD-01,AUDITORIUM,1000,2026-09-22T01:00:00+00:00,1,1,22,9,0,43,4.3,LOW,Synthetic/Simulation Data — For Academic Demonstration,91,38,65.7,9.1
7,Food Court Square,CAN-01,CANTEEN,550,2026-09-22T01:00:00+00:00,1,1,22,9,0,21,3.82,LOW,Synthetic/Simulation Data — For Academic Demonstration,34,11,21.7,6.18
8,Sports Arena Entrance,SPT-01,SPORTS,450,2026-09-22T01:00:00+00:00,1,1,22,9,0,35,7.78,LOW,Synthetic/Simulation Data — For Academic Demonstration,71,66,57.0,15.78
9,Alpha Hostel Quad,HST-01,HOSTEL,500,2026-09-22T01:00:00+00:00,1,1,22,9,0,440,88.0,HIGH,Synthetic/Simulation Data — For Academic Demonstration,471,461,471.0,94.2
10,Beta Hostel Quad,HST-02,HOSTEL,500,2026-09-22T01:00:00+00:00,1,1,22,9,0,477,95.4,CRITICAL,Synthetic/Simulation Data — For Academic Demonstration,495,475,483.0,99.0
11,Research Park Hub,RES-01,LAB,350,2026-09-22T01:00:00+00:00,1,1,22,9,0,7,2.0,LOW,Synthetic/Simulation Data — For Academic Demonstration,39,7,23.7,11.14
12,Health Center Entrance,MED-01,MEDICAL,150,2026-09-22T01:00:00+00:00,1,1,22,9,0,13,8.67,LOW,Synthetic/Simulation Data — For Academic Demonstration,12,15,12.7,8.0
1,Admin Complex Hub,ADM-01,ADMIN,300,2026-09-22T02:00:00+00:00,2,1,22,9,0,6,2.0,LOW,Synthetic/Simulation Data — For Academic Demonstration,16,8,10.0,5.33
2,CS & AI Complex Hub,CS-01,ACADEMIC,800,2026-09-22T02:00:00+00:00,2,1,22,9,0,16,2.0,LOW,Synthetic/Simulation Data — For Academic Demonstration,57,40,45.0,7.12
3,Electrical Sciences Hub,EE-01,ACADEMIC,650,2026-09-22T02:00:00+00:00,2,1,22,9,0,68,10.46,LOW,Synthetic/Simulation Data — For Academic Demonstration,13,19,15.0,2.0
4,Mechanical Quad Hub,ME-01,ACADEMIC,600,2026-09-22T02:00:00+00:00,2,1,22,9,0,32,5.33,LOW,Synthetic/Simulation Data — For Academic Demonstration,28,12,17.3,4.67
5,Central Library Plaza,LIB-01,LIBRARY,700,2026-09-22T02:00:00+00:00,2,1,22,9,0,24,3.43,LOW,Synthetic/Simulation Data — For Academic Demonstration,79,23,55.0,11.29
6,Auditorium Plaza,AUD-01,AUDITORIUM,1000,2026-09-22T02:00:00+00:00,2,1,22,9,0,193,19.3,LOW,Synthetic/Simulation Data — For Academic Demonstration,43,91,57.3,4.3
7,Food Court Square,CAN-01,CANTEEN,550,2026-09-22T02:00:00+00:00,2,1,22,9,0,17,3.09,LOW,Synthetic/Simulation Data — For Academic Demonstration,21,34,22.0,3.82
8,Sports Arena Entrance,SPT-01,SPORTS,450,2026-09-22T02:00:00+00:00,2,1,22,9,0,30,6.67,LOW,Synthetic/Simulation Data — For Academic Demonstration,35,71,57.3,7.78
9,Alpha Hostel Quad,HST-01,HOSTEL,500,2026-09-22T02:00:00+00:00,2,1,22,9,0,464,92.8,CRITICAL,Synthetic/Simulation Data — For Academic Demonstration,440,471,457.3,88.0
10,Beta Hostel Quad,HST-02,HOSTEL,500,2026-09-22T02:00:00+00:00,2,1,22,9,0,475,95.0,CRITICAL,Synthetic/Simulation Data — For Academic Demonstration,477,495,482.3,95.4
11,Research Park Hub,RES-01,LAB,350,2026-09-22T02:00:00+00:00,2,1,22,9,0,17,4.86,LOW,Synthetic/Simulation Data — For Academic Demonstration,7,39,17.7,2.0
12,Health Center Entrance,MED-01,MEDICAL,150,2026-09-22T02:00:00+00:00,2,1,22,9,0,13,8.67,LOW,Synthetic/Simulation Data — For Academic Demonstration,13,12,13.3,8.67
1,Admin Complex Hub,ADM-01,ADMIN,300,2026-09-22T03:00:00+00:00,3,1,22,9,0,20,6.67,LOW,Synthetic/Simulation Data — For Academic Demonstration,6,16,10.0,2.0
2,CS & AI Complex Hub,CS-01,ACADEMIC,800,2026-09-22T03:00:00+00:00,3,1,22,9,0,16,2.0,LOW,Synthetic/Simulation Data — For Academic Demonstration,16,57,37.7,2.0
3,Electrical Sciences Hub,EE-01,ACADEMIC,650,2026-09-22T03:00:00+00:00,3,1,22,9,0,13,2.0,LOW,Synthetic/Simulation Data — For Academic Demonstration,68,13,33.3,10.46
4,Mechanical Quad Hub,ME-01,ACADEMIC,600,2026-09-22T03:00:00+00:00,3,1,22,9,0,69,11.5,LOW,Synthetic/Simulation Data — For Academic Demonstration,32,28,24.0,5.33
5,Central Library Plaza,LIB-01,LIBRARY,700,2026-09-22T03:00:00+00:00,3,1,22,9,0,16,2.29,LOW,Synthetic/Simulation Data — For Academic Demonstration,24,79,42.0,3.43
6,Auditorium Plaza,AUD-01,AUDITORIUM,1000,2026-09-22T03:00:00+00:00,3,1,22,9,0,108,10.8,LOW,Synthetic/Simulation Data — For Academic Demonstration,193,43,109.0,19.3
7,Food Court Square,CAN-01,CANTEEN,550,2026-09-22T03:00:00+00:00,3,1,22,9,0,33,6.0,LOW,Synthetic/Simulation Data — For Academic Demonstration,17,21,24.0,3.09
8,Sports Arena Entrance,SPT-01,SPORTS,450,2026-09-22T03:00:00+00:00,3,1,22,9,0,53,11.78,LOW,Synthetic/Simulation Data — For Academic Demonstration,30,35,45.3,6.67
9,Alpha Hostel Quad,HST-01,HOSTEL,500,2026-09-22T03:00:00+00:00,3,1,22,9,0,416,83.2,HIGH,Synthetic/Simulation Data — For Academic Demonstration,464,440,458.3,92.8
10,Beta Hostel Quad,HST-02,HOSTEL,500,2026-09-22T03:00:00+00:00,3,1,22,9,0,425,85.0,HIGH,Synthetic/Simulation Data — For Academic Demonstration,475,477,482.3,95.0
11,Research Park Hub,RES-01,LAB,350,2026-09-22T03:00:00+00:00,3,1,22,9,0,7,2.0,LOW,Synthetic/Simulation Data — For Academic Demonstration,17,7,21.0,4.86
12,Health Center Entrance,MED-01,MEDICAL,150,2026-09-22T03:00:00+00:00,3,1,22,9,0,11,7.33,LOW,Synthetic/Simulation Data — For Academic Demonstration,13,13,12.7,8.67
1,Admin Complex Hub,ADM-01,ADMIN,300,2026-09-22T04:00:00+00:00,4,1,22,9,0,8,2.67,LOW,Synthetic/Simulation Data — For Academic Demonstration,20,6,14.0,6.67
2,CS & AI Complex Hub,CS-01,ACADEMIC,800,2026-09-22T04:00:00+00:00,4,1,22,9,0,49,6.12,LOW,Synthetic/Simulation Data — For Academic Demonstration,16,16,29.7,2.0
3,Electrical Sciences Hub,EE-01,ACADEMIC,650,2026-09-22T04:00:00+00:00,4,1,22,9,0,15,2.31,LOW,Synthetic/Simulation Data — For Academic Demonstration,13,68,31.3,2.0
4,Mechanical Quad Hub,ME-01,ACADEMIC,600,2026-09-22T04:00:00+00:00,4,1,22,9,0,47,7.83,LOW,Synthetic/Simulation Data — For Academic Demonstration,69,32,43.0,11.5
5,Central Library Plaza,LIB-01,LIBRARY,700,2026-09-22T04:00:00+00:00,4,1,22,9,0,74,10.57,LOW,Synthetic/Simulation Data — For Academic Demonstration,16,24,39.7,2.29
6,Auditorium Plaza,AUD-01,AUDITORIUM,1000,2026-09-22T04:00:00+00:00,4,1,22,9,0,113,11.3,LOW,Synthetic/Simulation Data — For Academic Demonstration,108,193,114.7,10.8
7,Food Court Square,CAN-01,CANTEEN,550,2026-09-22T04:00:00+00:00,4,1,22,9,0,48,8.73,LOW,Synthetic/Simulation Data — For Academic Demonstration,33,17,23.7,6.0
8,Sports Arena Entrance,SPT-01,SPORTS,450,2026-09-22T04:00:00+00:00,4,1,22,9,0,35,7.78,LOW,Synthetic/Simulation Data — For Academic Demonstration,53,30,39.3,11.78
9,Alpha Hostel Quad,HST-01,HOSTEL,500,2026-09-22T04:00:00+00:00,4,1,22,9,0,423,84.6,HIGH,Synthetic/Simulation Data — For Academic Demonstration,416,464,440.0,83.2
10,Beta Hostel Quad,HST-02,HOSTEL,500,2026-09-22T04:00:00+00:00,4,1,22,9,0,473,94.6,CRITICAL,Synthetic/Simulation Data — For Academic Demonstration,425,475,459.0,85.0
11,Research Park Hub,RES-01,LAB,350,2026-09-22T04:00:00+00:00,4,1,22,9,0,45,12.86,LOW,Synthetic/Simulation Data — For Academic Demonstration,7,17,10.3,2.0
12,Health Center Entrance,MED-01,MEDICAL,150,2026-09-22T04:00:00+00:00,4,1,22,9,0,17,11.33,LOW,Synthetic/Simulation Data — For Academic Demonstration,11,13,12.3,7.33
1,Admin Complex Hub,ADM-01,ADMIN,300,2026-09-22T05:00:00+00:00,5,1,22,9,0,11,3.67,LOW,Synthetic/Simulation Data — For Academic Demonstration,8,20,11.3,2.67
2,CS & AI Complex Hub,CS-01,ACADEMIC,800,2026-09-22T05:00:00+00:00,5,1,22,9,0,42,5.25,LOW,Synthetic/Simulation Data — For Academic Demonstration,49,16,27.0,6.12
3,Electrical Sciences Hub,EE-01,ACADEMIC,650,2026-09-22T05:00:00+00:00,5,1,22,9,0,29,4.46,LOW,Synthetic/Simulation Data — For Academic Demonstration,15,13,32.0,2.31
4,Mechanical Quad Hub,ME-01,ACADEMIC,600,2026-09-22T05:00:00+00:00,5,1,22,9,0,12,2.0,LOW,Synthetic/Simulation Data — For Academic Demonstration,47,69,49.3,7.83
5,Central Library Plaza,LIB-01,LIBRARY,700,2026-09-22T05:00:00+00:00,5,1,22,9,0,14,2.0,LOW,Synthetic/Simulation Data — For Academic Demonstration,74,16,38.0,10.57
6,Auditorium Plaza,AUD-01,AUDITORIUM,1000,2026-09-22T05:00:00+00:00,5,1,22,9,0,143,14.3,LOW,Synthetic/Simulation Data — For Academic Demonstration,113,108,138.0,11.3
7,Food Court Square,CAN-01,CANTEEN,550,2026-09-22T05:00:00+00:00,5,1,22,9,0,33,6.0,LOW,Synthetic/Simulation Data — For Academic Demonstration,48,33,32.7,8.73
8,Sports Arena Entrance,SPT-01,SPORTS,450,2026-09-22T05:00:00+00:00,5,1,22,9,0,56,12.44,LOW,Synthetic/Simulation Data — For Academic Demonstration,35,53,39.3,7.78
9,Alpha Hostel Quad,HST-01,HOSTEL,500,2026-09-22T05:00:00+00:00,5,1,22,9,0,458,91.6,CRITICAL,Synthetic/Simulation Data — For Academic Demonstration,423,416,434.3,84.6
10,Beta Hostel Quad,HST-02,HOSTEL,500,2026-09-22T05:00:00+00:00,5,1,22,9,0,450,90.0,HIGH,Synthetic/Simulation Data — For Academic Demonstration,473,425,457.7,94.6
11,Research Park Hub,RES-01,LAB,350,2026-09-22T05:00:00+00:00,5,1,22,9,0,7,2.0,LOW,Synthetic/Simulation Data — For Academic Demonstration,45,7,23.0,12.86
12,Health Center Entrance,MED-01,MEDICAL,150,2026-09-22T05:00:00+00:00,5,1,22,9,0,11,7.33,LOW,Synthetic/Simulation Data — For Academic Demonstration,17,11,13.7,11.33
1,Admin Complex Hub,ADM-01,ADMIN,300,2026-09-22T06:00:00+00:00,6,1,22,9,0,8,2.67,LOW,Synthetic/Simulation Data — For Academic Demonstration,11,8,13.0,3.67
2,CS & AI Complex Hub,CS-01,ACADEMIC,800,2026-09-22T06:00:00+00:00,6,1,22,9,0,40,5.0,LOW,Synthetic/Simulation Data — For Academic Demonstration,42,49,35.7,5.25
3,Electrical Sciences Hub,EE-01,ACADEMIC,650,2026-09-22T06:00:00+00:00,6,1,22,9,0,63,9.69,LOW,Synthetic/Simulation Data — For Academic Demonstration,29,15,19.0,4.46
4,Mechanical Quad Hub,ME-01,ACADEMIC,600,2026-09-22T06:00:00+00:00,6,1,22,9,0,12,2.0,LOW,Synthetic/Simulation Data — For Academic Demonstration,12,47,42.7,2.0
5,Central Library Plaza,LIB-01,LIBRARY,700,2026-09-22T06:00:00+00:00,6,1,22,9,0,14,2.0,LOW,Synthetic/Simulation Data — For Academic Demonstration,14,74,34.7,2.0
6,Auditorium Plaza,AUD-01,AUDITORIUM,1000,2026-09-22T06:00:00+00:00,6,1,22,9,0,137,13.7,LOW,Synthetic/Simulation Data — For Academic Demonstration,143,113,121.3,14.3
7,Food Court Square,CAN-01,CANTEEN,550,2026-09-22T06:00:00+00:00,6,1,22,9,0,11,2.0,LOW,Synthetic/Simulation Data — For Academic Demonstration,33,48,38.0,6.0
8,Sports Arena Entrance,SPT-01,SPORTS,450,2026-09-22T06:00:00+00:00,6,1,22,9,0,271,60.22,MEDIUM,Synthetic/Simulation Data — For Academic Demonstration,56,35,48.0,12.44
9,Alpha Hostel Quad,HST-01,HOSTEL,500,2026-09-22T06:00:00+00:00,6,1,22,9,0,447,89.4,HIGH,Synthetic/Simulation Data — For Academic Demonstration,458,423,432.3,91.6
10,Beta Hostel Quad,HST-02,HOSTEL,500,2026-09-22T06:00:00+00:00,6,1,22,9,0,451,90.2,CRITICAL,Synthetic/Simulation Data — For Academic Demonstration,450,473,449.3,90.0
11,Research Park Hub,RES-01,LAB,350,2026-09-22T06:00:00+00:00,6,1,22,9,0,21,6.0,LOW,Synthetic/Simulation Data — For Academic Demonstration,7,45,19.7,2.0
12,Health Center Entrance,MED-01,MEDICAL,150,2026-09-22T06:00:00+00:00,6,1,22,9,0,15,10.0,LOW,Synthetic/Simulation Data — For Academic Demonstration,11,17,13.0,7.33
1,Admin Complex Hub,ADM-01,ADMIN,300,2026-09-22T07:00:00+00:00,7,1,22,9,0,37,12.33,LOW,Synthetic/Simulation Data — For Academic Demonstration,8,11,9.0,2.67
2,CS & AI Complex Hub,CS-01,ACADEMIC,800,2026-09-22T07:00:00+00:00,7,1,22,9,0,43,5.38,LOW,Synthetic/Simulation Data — For Academic Demonstration,40,42,43.7,5.0
3,Electrical Sciences Hub,EE-01,ACADEMIC,650,2026-09-22T07:00:00+00:00,7,1,22,9,0,13,2.0,LOW,Synthetic/Simulation Data — For Academic Demonstration,63,29,35.7,9.69
4,Mechanical Quad Hub,ME-01,ACADEMIC,600,2026-09-22T07:00:00+00:00,7,1,22,9,0,36,6.0,LOW,Synthetic/Simulation Data — For Academic Demonstration,12,12,23.7,2.0
5,Central Library Plaza,LIB-01,LIBRARY,700,2026-09-22T07:00:00+00:00,7,1,22,9,0,61,8.71,LOW,Synthetic/Simulation Data — For Academic Demonstration,14,14,34.0,2.0
6,Auditorium Plaza,AUD-01,AUDITORIUM,1000,2026-09-22T07:00:00+00:00,7,1,22,9,0,128,12.8,LOW,Synthetic/Simulation Data — For Academic Demonstration,137,143,131.0,13.7
7,Food Court Square,CAN-01,CANTEEN,550,2026-09-22T07:00:00+00:00,7,1,22,9,0,219,39.82,LOW,Synthetic/Simulation Data — For Academic Demonstration,11,33,30.7,2.0
8,Sports Arena Entrance,SPT-01,SPORTS,450,2026-09-22T07:00:00+00:00,7,1,22,9,0,208,46.22,MEDIUM,Synthetic/Simulation Data — For Academic Demonstration,271,56,120.7,60.22
9,Alpha Hostel Quad,HST-01,HOSTEL,500,2026-09-22T07:00:00+00:00,7,1,22,9,0,428,85.6,HIGH,Synthetic/Simulation Data — For Academic Demonstration,447,458,442.7,89.4
10,Beta Hostel Quad,HST-02,HOSTEL,500,2026-09-22T07:00:00+00:00,7,1,22,9,0,362,72.4,HIGH,Synthetic/Simulation Data — For Academic Demonstration,451,450,458.0,90.2
11,Research Park Hub,RES-01,LAB,350,2026-09-22T07:00:00+00:00,7,1,22,9,0,7,2.0,LOW,Synthetic/Simulation Data — For Academic Demonstration,21,7,24.3,6.0
12,Health Center Entrance,MED-01,MEDICAL,150,2026-09-22T07:00:00+00:00,7,1,22,9,0,11,7.33,LOW,Synthetic/Simulation Data — For Academic Demonstration,15,11,14.3,10.0
1,Admin Complex Hub,ADM-01,ADMIN,300,2026-09-22T08:00:00+00:00,8,1,22,9,0,15,5.0,LOW,Synthetic/Simulation Data — For Academic Demonstration,37,8,18.7,12.33
2,CS & AI Complex Hub,CS-01,ACADEMIC,800,2026-09-22T08:00:00+00:00,8,1,22,9,0,538,67.25,MEDIUM,Synthetic/Simulation Data — For Academic Demonstration,43,40,41.7,5.38
3,Electrical Sciences Hub,EE-01,ACADEMIC,650,2026-09-22T08:00:00+00:00,8,1,22,9,0,485,74.62,HIGH,Synthetic/Simulation Data — For Academic Demonstration,13,63,35.0,2.0
4,Mechanical Quad Hub,ME-01,ACADEMIC,600,2026-09-22T08:00:00+00:00,8,1,22,9,0,388,64.67,MEDIUM,Synthetic/Simulation Data — For Academic Demonstration,36,12,20.0,6.0
5,Central Library Plaza,LIB-01,LIBRARY,700,2026-09-22T08:00:00+00:00,8,1,22,9,0,246,35.14,LOW,Synthetic/Simulation Data — For Academic Demonstration,61,14,29.7,8.71
6,Auditorium Plaza,AUD-01,AUDITORIUM,1000,2026-09-22T08:00:00+00:00,8,1,22,9,0,88,8.8,LOW,Synthetic/Simulation Data — For Academic Demonstration,128,137,136.0,12.8
7,Food Court Square,CAN-01,CANTEEN,550,2026-09-22T08:00:00+00:00,8,1,22,9,0,316,57.45,MEDIUM,Synthetic/Simulation Data — For Academic Demonstration,219,11,87.7,39.82
8,Sports Arena Entrance,SPT-01,SPORTS,450,2026-09-22T08:00:00+00:00,8,1,22,9,0,279,62.0,MEDIUM,Synthetic/Simulation Data — For Academic Demonstration,208,271,178.3,46.22
9,Alpha Hostel Quad,HST-01,HOSTEL,500,2026-09-22T08:00:00+00:00,8,1,22,9,0,56,11.2,LOW,Synthetic/Simulation Data — For Academic Demonstration,428,447,444.3,85.6
10,Beta Hostel Quad,HST-02,HOSTEL,500,2026-09-22T08:00:00+00:00,8,1,22,9,0,117,23.4,LOW,Synthetic/Simulation Data — For Academic Demonstration,362,451,421.0,72.4
11,Research Park Hub,RES-01,LAB,350,2026-09-22T08:00:00+00:00,8,1,22,9,0,240,68.57,MEDIUM,Synthetic/Simulation Data — For Academic Demonstration,7,21,11.7,2.0
12,Health Center Entrance,MED-01,MEDICAL,150,2026-09-22T08:00:00+00:00,8,1,22,9,0,43,28.67,LOW,Synthetic/Simulation Data — For Academic Demonstration,11,15,12.3,7.33
1,Admin Complex Hub,ADM-01,ADMIN,300,2026-09-22T09:00:00+00:00,9,1,22,9,0,137,45.67,MEDIUM,Synthetic/Simulation Data — For Academic Demonstration,15,37,20.0,5.0
2,CS & AI Complex Hub,CS-01,ACADEMIC,800,2026-09-22T09:00:00+00:00,9,1,22,9,0,671,83.88,HIGH,Synthetic/Simulation Data — For Academic Demonstration,538,43,207.0,67.25
3,Electrical Sciences Hub,EE-01,ACADEMIC,650,2026-09-22T09:00:00+00:00,9,1,22,9,0,539,82.92,HIGH,Synthetic/Simulation Data — For Academic Demonstration,485,13,187.0,74.62
4,Mechanical Quad Hub,ME-01,ACADEMIC,600,2026-09-22T09:00:00+00:00,9,1,22,9,0,541,90.17,CRITICAL,Synthetic/Simulation Data — For Academic Demonstration,388,36,145.3,64.67
5,Central Library Plaza,LIB-01,LIBRARY,700,2026-09-22T09:00:00+00:00,9,1,22,9,0,316,45.14,MEDIUM,Synthetic/Simulation Data — For Academic Demonstration,246,61,107.0,35.14
6,Auditorium Plaza,AUD-01,AUDITORIUM,1000,2026-09-22T09:00:00+00:00,9,1,22,9,0,138,13.8,LOW,Synthetic/Simulation Data — For Academic Demonstration,88,128,117.7,8.8
7,Food Court Square,CAN-01,CANTEEN,550,2026-09-22T09:00:00+00:00,9,1,22,9,0,100,18.18,LOW,Synthetic/Simulation Data — For Academic Demonstration,316,219,182.0,57.45
8,Sports Arena Entrance,SPT-01,SPORTS,450,2026-09-22T09:00:00+00:00,9,1,22,9,0,77,17.11,LOW,Synthetic/Simulation Data — For Academic Demonstration,279,208,252.7,62.0
9,Alpha Hostel Quad,HST-01,HOSTEL,500,2026-09-22T09:00:00+00:00,9,1,22,9,0,90,18.0,LOW,Synthetic/Simulation Data — For Academic Demonstration,56,428,310.3,11.2
10,Beta Hostel Quad,HST-02,HOSTEL,500,2026-09-22T09:00:00+00:00,9,1,22,9,0,88,17.6,LOW,Synthetic/Simulation Data — For Academic Demonstration,117,362,310.0,23.4
11,Research Park Hub,RES-01,LAB,350,2026-09-22T09:00:00+00:00,9,1,22,9,0,297,84.86,HIGH,Synthetic/Simulation Data — For Academic Demonstration,240,7,89.3,68.57
12,Health Center Entrance,MED-01,MEDICAL,150,2026-09-22T09:00:00+00:00,9,1,22,9,0,65,43.33,MEDIUM,Synthetic/Simulation Data — For Academic Demonstration,43,11,23.0,28.67
1,Admin Complex Hub,ADM-01,ADMIN,300,2026-09-22T10:00:00+00:00,10,1,22,9,0,181,60.33,MEDIUM,Synthetic/Simulation Data — For Academic Demonstration,137,15,63.0,45.67
2,CS & AI Complex Hub,CS-01,ACADEMIC,800,2026-09-22T10:00:00+00:00,10,1,22,9,0,713,89.12,HIGH,Synthetic/Simulation Data — For Academic Demonstration,671,538,417.3,83.88
3,Electrical Sciences Hub,EE-01,ACADEMIC,650,2026-09-22T10:00:00+00:00,10,1,22,9,0,546,84.0,HIGH,Synthetic/Simulation Data — For Academic Demonstration,539,485,345.7,82.92
4,Mechanical Quad Hub,ME-01,ACADEMIC,600,2026-09-22T10:00:00+00:00,10,1,22,9,0,630,105.0,CRITICAL,Synthetic/Simulation Data — For Academic Demonstration,541,388,321.7,90.17
5,Central Library Plaza,LIB-01,LIBRARY,700,2026-09-22T10:00:00+00:00,10,1,22,9,0,338,48.29,MEDIUM,Synthetic/Simulation Data — For Academic Demonstration,316,246,207.7,45.14
6,Auditorium Plaza,AUD-01,AUDITORIUM,1000,2026-09-22T10:00:00+00:00,10,1,22,9,0,192,19.2,LOW,Synthetic/Simulation Data — For Academic Demonstration,138,88,118.0,13.8
7,Food Court Square,CAN-01,CANTEEN,550,2026-09-22T10:00:00+00:00,10,1,22,9,0,134,24.36,LOW,Synthetic/Simulation Data — For Academic Demonstration,100,316,211.7,18.18
8,Sports Arena Entrance,SPT-01,SPORTS,450,2026-09-22T10:00:00+00:00,10,1,22,9,0,34,7.56,LOW,Synthetic/Simulation Data — For Academic Demonstration,77,279,188.0,17.11
9,Alpha Hostel Quad,HST-01,HOSTEL,500,2026-09-22T10:00:00+00:00,10,1,22,9,0,104,20.8,LOW,Synthetic/Simulation Data — For Academic Demonstration,90,56,191.3,18.0
10,Beta Hostel Quad,HST-02,HOSTEL,500,2026-09-22T10:00:00+00:00,10,1,22,9,0,126,25.2,LOW,Synthetic/Simulation Data — For Academic Demonstration,88,117,189.0,17.6
11,Research Park Hub,RES-01,LAB,350,2026-09-22T10:00:00+00:00,10,1,22,9,0,325,92.86,CRITICAL,Synthetic/Simulation Data — For Academic Demonstration,297,240,181.3,84.86
12,Health Center Entrance,MED-01,MEDICAL,150,2026-09-22T10:00:00+00:00,10,1,22,9,0,68,45.33,MEDIUM,Synthetic/Simulation Data — For Academic Demonstration,65,43,39.7,43.33
1,Admin Complex Hub,ADM-01,ADMIN,300,2026-09-22T11:00:00+00:00,11,1,22,9,0,174,58.0,MEDIUM,Synthetic/Simulation Data — For Academic Demonstration,181,137,111.0,60.33
2,CS & AI Complex Hub,CS-01,ACADEMIC,800,2026-09-22T11:00:00+00:00,11,1,22,9,0,634,79.25,HIGH,Synthetic/Simulation Data — For Academic Demonstration,713,671,640.7,89.12
3,Electrical Sciences Hub,EE-01,ACADEMIC,650,2026-09-22T11:00:00+00:00,11,1,22,9,0,546,84.0,HIGH,Synthetic/Simulation Data — For Academic Demonstration,546,539,523.3,84.0
4,Mechanical Quad Hub,ME-01,ACADEMIC,600,2026-09-22T11:00:00+00:00,11,1,22,9,0,482,80.33,HIGH,Synthetic/Simulation Data — For Academic Demonstration,630,541,519.7,105.0
5,Central Library Plaza,LIB-01,LIBRARY,700,2026-09-22T11:00:00+00:00,11,1,22,9,0,329,47.0,MEDIUM,Synthetic/Simulation Data — For Academic Demonstration,338,316,300.0,48.29
6,Auditorium Plaza,AUD-01,AUDITORIUM,1000,2026-09-22T11:00:00+00:00,11,1,22,9,0,166,16.6,LOW,Synthetic/Simulation Data — For Academic Demonstration,192,138,139.3,19.2
7,Food Court Square,CAN-01,CANTEEN,550,2026-09-22T11:00:00+00:00,11,1,22,9,0,116,21.09,LOW,Synthetic/Simulation Data — For Academic Demonstration,134,100,183.3,24.36
8,Sports Arena Entrance,SPT-01,SPORTS,450,2026-09-22T11:00:00+00:00,11,1,22,9,0,38,8.44,LOW,Synthetic/Simulation Data — For Academic Demonstration,34,77,130.0,7.56
9,Alpha Hostel Quad,HST-01,HOSTEL,500,2026-09-22T11:00:00+00:00,11,1,22,9,0,89,17.8,LOW,Synthetic/Simulation Data — For Academic Demonstration,104,90,83.3,20.8
10,Beta Hostel Quad,HST-02,HOSTEL,500,2026-09-22T11:00:00+00:00,11,1,22,9,0,91,18.2,LOW,Synthetic/Simulation Data — For Academic Demonstration,126,88,110.3,25.2
11,Research Park Hub,RES-01,LAB,350,2026-09-22T11:00:00+00:00,11,1,22,9,0,310,88.57,HIGH,Synthetic/Simulation Data — For Academic Demonstration,325,297,287.3,92.86
12,Health Center Entrance,MED-01,MEDICAL,150,2026-09-22T11:00:00+00:00,11,1,22,9,0,84,56.0,MEDIUM,Synthetic/Simulation Data — For Academic Demonstration,68,65,58.7,45.33
1,Admin Complex Hub,ADM-01,ADMIN,300,2026-09-22T12:00:00+00:00,12,1,22,9,0,203,67.67,MEDIUM,Synthetic/Simulation Data — For Academic Demonstration,174,181,164.0,58.0
2,CS & AI Complex Hub,CS-01,ACADEMIC,800,2026-09-22T12:00:00+00:00,12,1,22,9,0,340,42.5,MEDIUM,Synthetic/Simulation Data — For Academic Demonstration,634,713,672.7,79.25
3,Electrical Sciences Hub,EE-01,ACADEMIC,650,2026-09-22T12:00:00+00:00,12,1,22,9,0,233,35.85,LOW,Synthetic/Simulation Data — For Academic Demonstration,546,546,543.7,84.0
4,Mechanical Quad Hub,ME-01,ACADEMIC,600,2026-09-22T12:00:00+00:00,12,1,22,9,0,217,36.17,LOW,Synthetic/Simulation Data — For Academic Demonstration,482,630,551.0,80.33
5,Central Library Plaza,LIB-01,LIBRARY,700,2026-09-22T12:00:00+00:00,12,1,22,9,0,407,58.14,MEDIUM,Synthetic/Simulation Data — For Academic Demonstration,329,338,327.7,47.0
6,Auditorium Plaza,AUD-01,AUDITORIUM,1000,2026-09-22T12:00:00+00:00,12,1,22,9,0,171,17.1,LOW,Synthetic/Simulation Data — For Academic Demonstration,166,192,165.3,16.6
7,Food Court Square,CAN-01,CANTEEN,550,2026-09-22T12:00:00+00:00,12,1,22,9,0,488,88.73,HIGH,Synthetic/Simulation Data — For Academic Demonstration,116,134,116.7,21.09
8,Sports Arena Entrance,SPT-01,SPORTS,450,2026-09-22T12:00:00+00:00,12,1,22,9,0,50,11.11,LOW,Synthetic/Simulation Data — For Academic Demonstration,38,34,49.7,8.44
9,Alpha Hostel Quad,HST-01,HOSTEL,500,2026-09-22T12:00:00+00:00,12,1,22,9,0,145,29.0,LOW,Synthetic/Simulation Data — For Academic Demonstration,89,104,94.3,17.8
10,Beta Hostel Quad,HST-02,HOSTEL,500,2026-09-22T12:00:00+00:00,12,1,22,9,0,127,25.4,LOW,Synthetic/Simulation Data — For Academic Demonstration,91,126,101.7,18.2
11,Research Park Hub,RES-01,LAB,350,2026-09-22T12:00:00+00:00,12,1,22,9,0,101,28.86,LOW,Synthetic/Simulation Data — For Academic Demonstration,310,325,310.7,88.57
12,Health Center Entrance,MED-01,MEDICAL,150,2026-09-22T12:00:00+00:00,12,1,22,9,0,67,44.67,MEDIUM,Synthetic/Simulation Data — For Academic Demonstration,84,68,72.3,56.0
1,Admin Complex Hub,ADM-01,ADMIN,300,2026-09-22T13:00:00+00:00,13,1,22,9,0,180,60.0,MEDIUM,Synthetic/Simulation Data — For Academic Demonstration,203,174,186.0,67.67
2,CS & AI Complex Hub,CS-01,ACADEMIC,800,2026-09-22T13:00:00+00:00,13,1,22,9,0,295,36.88,LOW,Synthetic/Simulation Data — For Academic Demonstration,340,634,562.3,42.5
3,Electrical Sciences Hub,EE-01,ACADEMIC,650,2026-09-22T13:00:00+00:00,13,1,22,9,0,212,32.62,LOW,Synthetic/Simulation Data — For Academic Demonstration,233,546,441.7,35.85
4,Mechanical Quad Hub,ME-01,ACADEMIC,600,2026-09-22T13:00:00+00:00,13,1,22,9,0,184,30.67,LOW,Synthetic/Simulation Data — For Academic Demonstration,217,482,443.0,36.17
5,Central Library Plaza,LIB-01,LIBRARY,700,2026-09-22T13:00:00+00:00,13,1,22,9,0,482,68.86,MEDIUM,Synthetic/Simulation Data — For Academic Demonstration,407,329,358.0,58.14
6,Auditorium Plaza,AUD-01,AUDITORIUM,1000,2026-09-22T13:00:00+00:00,13,1,22,9,0,417,41.7,MEDIUM,Synthetic/Simulation Data — For Academic Demonstration,171,166,176.3,17.1
7,Food Court Square,CAN-01,CANTEEN,550,2026-09-22T13:00:00+00:00,13,1,22,9,0,467,84.91,HIGH,Synthetic/Simulation Data — For Academic Demonstration,488,116,246.0,88.73
8,Sports Arena Entrance,SPT-01,SPORTS,450,2026-09-22T13:00:00+00:00,13,1,22,9,0,51,11.33,LOW,Synthetic/Simulation Data — For Academic Demonstration,50,38,40.7,11.11
9,Alpha Hostel Quad,HST-01,HOSTEL,500,2026-09-22T13:00:00+00:00,13,1,22,9,0,129,25.8,LOW,Synthetic/Simulation Data — For Academic Demonstration,145,89,112.7,29.0
10,Beta Hostel Quad,HST-02,HOSTEL,500,2026-09-22T13:00:00+00:00,13,1,22,9,0,90,18.0,LOW,Synthetic/Simulation Data — For Academic Demonstration,127,91,114.7,25.4
11,Research Park Hub,RES-01,LAB,350,2026-09-22T13:00:00+00:00,13,1,22,9,0,126,36.0,LOW,Synthetic/Simulation Data — For Academic Demonstration,101,310,245.3,28.86
12,Health Center Entrance,MED-01,MEDICAL,150,2026-09-22T13:00:00+00:00,13,1,22,9,0,74,49.33,MEDIUM,Synthetic/Simulation Data — For Academic Demonstration,67,84,73.0,44.67
1,Admin Complex Hub,ADM-01,ADMIN,300,2026-09-22T14:00:00+00:00,14,1,22,9,0,183,61.0,MEDIUM,Synthetic/Simulation Data — For Academic Demonstration,180,203,185.7,60.0
2,CS & AI Complex Hub,CS-01,ACADEMIC,800,2026-09-22T14:00:00+00:00,14,1,22,9,0,562,70.25,HIGH,Synthetic/Simulation Data — For Academic Demonstration,295,340,423.0,36.88
3,Electrical Sciences Hub,EE-01,ACADEMIC,650,2026-09-22T14:00:00+00:00,14,1,22,9,0,489,75.23,HIGH,Synthetic/Simulation Data — For Academic Demonstration,212,233,330.3,32.62
4,Mechanical Quad Hub,ME-01,ACADEMIC,600,2026-09-22T14:00:00+00:00,14,1,22,9,0,458,76.33,HIGH,Synthetic/Simulation Data — For Academic Demonstration,184,217,294.3,30.67
5,Central Library Plaza,LIB-01,LIBRARY,700,2026-09-22T14:00:00+00:00,14,1,22,9,0,685,97.86,CRITICAL,Synthetic/Simulation Data — For Academic Demonstration,482,407,406.0,68.86
6,Auditorium Plaza,AUD-01,AUDITORIUM,1000,2026-09-22T14:00:00+00:00,14,1,22,9,0,90,9.0,LOW,Synthetic/Simulation Data — For Academic Demonstration,417,171,251.3,41.7
7,Food Court Square,CAN-01,CANTEEN,550,2026-09-22T14:00:00+00:00,14,1,22,9,0,11,2.0,LOW,Synthetic/Simulation Data — For Academic Demonstration,467,488,357.0,84.91
8,Sports Arena Entrance,SPT-01,SPORTS,450,2026-09-22T14:00:00+00:00,14,1,22,9,0,57,12.67,LOW,Synthetic/Simulation Data — For Academic Demonstration,51,50,46.3,11.33
9,Alpha Hostel Quad,HST-01,HOSTEL,500,2026-09-22T14:00:00+00:00,14,1,22,9,0,98,19.6,LOW,Synthetic/Simulation Data — For Academic Demonstration,129,145,121.0,25.8
10,Beta Hostel Quad,HST-02,HOSTEL,500,2026-09-22T14:00:00+00:00,14,1,22,9,0,90,18.0,LOW,Synthetic/Simulation Data — For Academic Demonstration,90,127,102.7,18.0
11,Research Park Hub,RES-01,LAB,350,2026-09-22T14:00:00+00:00,14,1,22,9,0,283,80.86,HIGH,Synthetic/Simulation Data — For Academic Demonstration,126,101,179.0,36.0
12,Health Center Entrance,MED-01,MEDICAL,150,2026-09-22T14:00:00+00:00,14,1,22,9,0,74,49.33,MEDIUM,Synthetic/Simulation Data — For Academic Demonstration,74,67,75.0,49.33
1,Admin Complex Hub,ADM-01,ADMIN,300,2026-09-22T15:00:00+00:00,15,1,22,9,0,189,63.0,MEDIUM,Synthetic/Simulation Data — For Academic Demonstration,183,180,188.7,61.0
2,CS & AI Complex Hub,CS-01,ACADEMIC,800,2026-09-22T15:00:00+00:00,15,1,22,9,0,715,89.38,HIGH,Synthetic/Simulation Data — For Academic Demonstration,562,295,399.0,70.25
3,Electrical Sciences Hub,EE-01,ACADEMIC,650,2026-09-22T15:00:00+00:00,15,1,22,9,0,554,85.23,HIGH,Synthetic/Simulation Data — For Academic Demonstration,489,212,311.3,75.23
4,Mechanical Quad Hub,ME-01,ACADEMIC,600,2026-09-22T15:00:00+00:00,15,1,22,9,0,518,86.33,HIGH,Synthetic/Simulation Data — For Academic Demonstration,458,184,286.3,76.33
5,Central Library Plaza,LIB-01,LIBRARY,700,2026-09-22T15:00:00+00:00,15,1,22,9,0,545,77.86,HIGH,Synthetic/Simulation Data — For Academic Demonstration,685,482,524.7,97.86
6,Auditorium Plaza,AUD-01,AUDITORIUM,1000,2026-09-22T15:00:00+00:00,15,1,22,9,0,117,11.7,LOW,Synthetic/Simulation Data — For Academic Demonstration,90,417,226.0,9.0
7,Food Court Square,CAN-01,CANTEEN,550,2026-09-22T15:00:00+00:00,15,1,22,9,0,11,2.0,LOW,Synthetic/Simulation Data — For Academic Demonstration,11,467,322.0,2.0
8,Sports Arena Entrance,SPT-01,SPORTS,450,2026-09-22T15:00:00+00:00,15,1,22,9,0,81,18.0,LOW,Synthetic/Simulation Data — For Academic Demonstration,57,51,52.7,12.67
9,Alpha Hostel Quad,HST-01,HOSTEL,500,2026-09-22T15:00:00+00:00,15,1,22,9,0,89,17.8,LOW,Synthetic/Simulation Data — For Academic Demonstration,98,129,124.0,19.6
10,Beta Hostel Quad,HST-02,HOSTEL,500,2026-09-22T15:00:00+00:00,15,1,22,9,0,127,25.4,LOW,Synthetic/Simulation Data — For Academic Demonstration,90,90,102.3,18.0
11,Research Park Hub,RES-01,LAB,350,2026-09-22T15:00:00+00:00,15,1,22,9,0,280,80.0,HIGH,Synthetic/Simulation Data — For Academic Demonstration,283,126,170.0,80.86
12,Health Center Entrance,MED-01,MEDICAL,150,2026-09-22T15:00:00+00:00,15,1,22,9,0,78,52.0,MEDIUM,Synthetic/Simulation Data — For Academic Demonstration,74,74,71.7,49.33
1,Admin Complex Hub,ADM-01,ADMIN,300,2026-09-22T16:00:00+00:00,16,1,22,9,0,177,59.0,MEDIUM,Synthetic/Simulation Data — For Academic Demonstration,189,183,184.0,63.0
2,CS & AI Complex Hub,CS-01,ACADEMIC,800,2026-09-22T16:00:00+00:00,16,1,22,9,0,686,85.75,HIGH,Synthetic/Simulation Data — For Academic Demonstration,715,562,524.0,89.38
3,Electrical Sciences Hub,EE-01,ACADEMIC,650,2026-09-22T16:00:00+00:00,16,1,22,9,0,585,90.0,HIGH,Synthetic/Simulation Data — For Academic Demonstration,554,489,418.3,85.23
4,Mechanical Quad Hub,ME-01,ACADEMIC,600,2026-09-22T16:00:00+00:00,16,1,22,9,0,544,90.67,CRITICAL,Synthetic/Simulation Data — For Academic Demonstration,518,458,386.7,86.33
5,Central Library Plaza,LIB-01,LIBRARY,700,2026-09-22T16:00:00+00:00,16,1,22,9,0,516,73.71,HIGH,Synthetic/Simulation Data — For Academic Demonstration,545,685,570.7,77.86
6,Auditorium Plaza,AUD-01,AUDITORIUM,1000,2026-09-22T16:00:00+00:00,16,1,22,9,0,179,17.9,LOW,Synthetic/Simulation Data — For Academic Demonstration,117,90,208.0,11.7
7,Food Court Square,CAN-01,CANTEEN,550,2026-09-22T16:00:00+00:00,16,1,22,9,0,282,51.27,MEDIUM,Synthetic/Simulation Data — For Academic Demonstration,11,11,163.0,2.0
8,Sports Arena Entrance,SPT-01,SPORTS,450,2026-09-22T16:00:00+00:00,16,1,22,9,0,42,9.33,LOW,Synthetic/Simulation Data — For Academic Demonstration,81,57,63.0,18.0
9,Alpha Hostel Quad,HST-01,HOSTEL,500,2026-09-22T16:00:00+00:00,16,1,22,9,0,77,15.4,LOW,Synthetic/Simulation Data — For Academic Demonstration,89,98,105.3,17.8
10,Beta Hostel Quad,HST-02,HOSTEL,500,2026-09-22T16:00:00+00:00,16,1,22,9,0,69,13.8,LOW,Synthetic/Simulation Data — For Academic Demonstration,127,90,102.3,25.4
11,Research Park Hub,RES-01,LAB,350,2026-09-22T16:00:00+00:00,16,1,22,9,0,318,90.86,CRITICAL,Synthetic/Simulation Data — For Academic Demonstration,280,283,229.7,80.0
12,Health Center Entrance,MED-01,MEDICAL,150,2026-09-22T16:00:00+00:00,16,1,22,9,0,65,43.33,MEDIUM,Synthetic/Simulation Data — For Academic Demonstration,78,74,75.3,52.0
1,Admin Complex Hub,ADM-01,ADMIN,300,2026-09-22T17:00:00+00:00,17,1,22,9,0,149,49.67,MEDIUM,Synthetic/Simulation Data — For Academic Demonstration,177,189,183.0,59.0
2,CS & AI Complex Hub,CS-01,ACADEMIC,800,2026-09-22T17:00:00+00:00,17,1,22,9,0,225,28.12,LOW,Synthetic/Simulation Data — For Academic Demonstration,686,715,654.3,85.75
3,Electrical Sciences Hub,EE-01,ACADEMIC,650,2026-09-22T17:00:00+00:00,17,1,22,9,0,180,27.69,LOW,Synthetic/Simulation Data — For Academic Demonstration,585,554,542.7,90.0
4,Mechanical Quad Hub,ME-01,ACADEMIC,600,2026-09-22T17:00:00+00:00,17,1,22,9,0,157,26.17,LOW,Synthetic/Simulation Data — For Academic Demonstration,544,518,506.7,90.67
5,Central Library Plaza,LIB-01,LIBRARY,700,2026-09-22T17:00:00+00:00,17,1,22,9,0,502,71.71,HIGH,Synthetic/Simulation Data — For Academic Demonstration,516,545,582.0,73.71
6,Auditorium Plaza,AUD-01,AUDITORIUM,1000,2026-09-22T17:00:00+00:00,17,1,22,9,0,91,9.1,LOW,Synthetic/Simulation Data — For Academic Demonstration,179,117,128.7,17.9
7,Food Court Square,CAN-01,CANTEEN,550,2026-09-22T17:00:00+00:00,17,1,22,9,0,350,63.64,MEDIUM,Synthetic/Simulation Data — For Academic Demonstration,282,11,101.3,51.27
8,Sports Arena Entrance,SPT-01,SPORTS,450,2026-09-22T17:00:00+00:00,17,1,22,9,0,301,66.89,MEDIUM,Synthetic/Simulation Data — For Academic Demonstration,42,81,60.0,9.33
9,Alpha Hostel Quad,HST-01,HOSTEL,500,2026-09-22T17:00:00+00:00,17,1,22,9,0,209,41.8,MEDIUM,Synthetic/Simulation Data — For Academic Demonstration,77,89,88.0,15.4
10,Beta Hostel Quad,HST-02,HOSTEL,500,2026-09-22T17:00:00+00:00,17,1,22,9,0,254,50.8,MEDIUM,Synthetic/Simulation Data — For Academic Demonstration,69,127,95.3,13.8
11,Research Park Hub,RES-01,LAB,350,2026-09-22T17:00:00+00:00,17,1,22,9,0,87,24.86,LOW,Synthetic/Simulation Data — For Academic Demonstration,318,280,293.7,90.86
12,Health Center Entrance,MED-01,MEDICAL,150,2026-09-22T17:00:00+00:00,17,1,22,9,0,55,36.67,LOW,Synthetic/Simulation Data — For Academic Demonstration,65,78,72.3,43.33
1,Admin Complex Hub,ADM-01,ADMIN,300,2026-09-22T18:00:00+00:00,18,1,22,9,0,14,4.67,LOW,Synthetic/Simulation Data — For Academic Demonstration,149,177,171.7,49.67
2,CS & AI Complex Hub,CS-01,ACADEMIC,800,2026-09-22T18:00:00+00:00,18,1,22,9,0,189,23.62,LOW,Synthetic/Simulation Data — For Academic Demonstration,225,686,542.0,28.12
3,Electrical Sciences Hub,EE-01,ACADEMIC,650,2026-09-22T18:00:00+00:00,18,1,22,9,0,165,25.38,LOW,Synthetic/Simulation Data — For Academic Demonstration,180,585,439.7,27.69
4,Mechanical Quad Hub,ME-01,ACADEMIC,600,2026-09-22T18:00:00+00:00,18,1,22,9,0,55,9.17,LOW,Synthetic/Simulation Data — For Academic Demonstration,157,544,406.3,26.17
5,Central Library Plaza,LIB-01,LIBRARY,700,2026-09-22T18:00:00+00:00,18,1,22,9,0,592,84.57,HIGH,Synthetic/Simulation Data — For Academic Demonstration,502,516,521.0,71.71
6,Auditorium Plaza,AUD-01,AUDITORIUM,1000,2026-09-22T18:00:00+00:00,18,1,22,9,0,39,3.9,LOW,Synthetic/Simulation Data — For Academic Demonstration,91,179,129.0,9.1
7,Food Court Square,CAN-01,CANTEEN,550,2026-09-22T18:00:00+00:00,18,1,22,9,0,11,2.0,LOW,Synthetic/Simulation Data — For Academic Demonstration,350,282,214.3,63.64
8,Sports Arena Entrance,SPT-01,SPORTS,450,2026-09-22T18:00:00+00:00,18,1,22,9,0,348,77.33,HIGH,Synthetic/Simulation Data — For Academic Demonstration,301,42,141.3,66.89
9,Alpha Hostel Quad,HST-01,HOSTEL,500,2026-09-22T18:00:00+00:00,18,1,22,9,0,309,61.8,MEDIUM,Synthetic/Simulation Data — For Academic Demonstration,209,77,125.0,41.8
10,Beta Hostel Quad,HST-02,HOSTEL,500,2026-09-22T18:00:00+00:00,18,1,22,9,0,332,66.4,MEDIUM,Synthetic/Simulation Data — For Academic Demonstration,254,69,150.0,50.8
11,Research Park Hub,RES-01,LAB,350,2026-09-22T18:00:00+00:00,18,1,22,9,0,72,20.57,LOW,Synthetic/Simulation Data — For Academic Demonstration,87,318,228.3,24.86
12,Health Center Entrance,MED-01,MEDICAL,150,2026-09-22T18:00:00+00:00,18,1,22,9,0,63,42.0,MEDIUM,Synthetic/Simulation Data — For Academic Demonstration,55,65,66.0,36.67
1,Admin Complex Hub,ADM-01,ADMIN,300,2026-09-22T19:00:00+00:00,19,1,22,9,0,11,3.67,LOW,Synthetic/Simulation Data — For Academic Demonstration,14,149,113.3,4.67
2,CS & AI Complex Hub,CS-01,ACADEMIC,800,2026-09-22T19:00:00+00:00,19,1,22,9,0,78,9.75,LOW,Synthetic/Simulation Data — For Academic Demonstration,189,225,366.7,23.62
3,Electrical Sciences Hub,EE-01,ACADEMIC,650,2026-09-22T19:00:00+00:00,19,1,22,9,0,52,8.0,LOW,Synthetic/Simulation Data — For Academic Demonstration,165,180,310.0,25.38
4,Mechanical Quad Hub,ME-01,ACADEMIC,600,2026-09-22T19:00:00+00:00,19,1,22,9,0,56,9.33,LOW,Synthetic/Simulation Data — For Academic Demonstration,55,157,252.0,9.17
5,Central Library Plaza,LIB-01,LIBRARY,700,2026-09-22T19:00:00+00:00,19,1,22,9,0,621,88.71,HIGH,Synthetic/Simulation Data — For Academic Demonstration,592,502,536.7,84.57
6,Auditorium Plaza,AUD-01,AUDITORIUM,1000,2026-09-22T19:00:00+00:00,19,1,22,9,0,50,5.0,LOW,Synthetic/Simulation Data — For Academic Demonstration,39,91,103.0,3.9
7,Food Court Square,CAN-01,CANTEEN,550,2026-09-22T19:00:00+00:00,19,1,22,9,0,381,69.27,MEDIUM,Synthetic/Simulation Data — For Academic Demonstration,11,350,214.3,2.0
8,Sports Arena Entrance,SPT-01,SPORTS,450,2026-09-22T19:00:00+00:00,19,1,22,9,0,383,85.11,HIGH,Synthetic/Simulation Data — For Academic Demonstration,348,301,230.3,77.33
9,Alpha Hostel Quad,HST-01,HOSTEL,500,2026-09-22T19:00:00+00:00,19,1,22,9,0,335,67.0,MEDIUM,Synthetic/Simulation Data — For Academic Demonstration,309,209,198.3,61.8
10,Beta Hostel Quad,HST-02,HOSTEL,500,2026-09-22T19:00:00+00:00,19,1,22,9,0,358,71.6,HIGH,Synthetic/Simulation Data — For Academic Demonstration,332,254,218.3,66.4
11,Research Park Hub,RES-01,LAB,350,2026-09-22T19:00:00+00:00,19,1,22,9,0,35,10.0,LOW,Synthetic/Simulation Data — For Academic Demonstration,72,87,159.0,20.57
12,Health Center Entrance,MED-01,MEDICAL,150,2026-09-22T19:00:00+00:00,19,1,22,9,0,13,8.67,LOW,Synthetic/Simulation Data — For Academic Demonstration,63,55,61.0,42.0
1,Admin Complex Hub,ADM-01,ADMIN,300,2026-09-22T20:00:00+00:00,20,1,22,9,0,6,2.0,LOW,Synthetic/Simulation Data — For Academic Demonstration,11,14,58.0,3.67
2,CS & AI Complex Hub,CS-01,ACADEMIC,800,2026-09-22T20:00:00+00:00,20,1,22,9,0,63,7.88,LOW,Synthetic/Simulation Data — For Academic Demonstration,78,189,164.0,9.75
3,Electrical Sciences Hub,EE-01,ACADEMIC,650,2026-09-22T20:00:00+00:00,20,1,22,9,0,81,12.46,LOW,Synthetic/Simulation Data — For Academic Demonstration,52,165,132.3,8.0
4,Mechanical Quad Hub,ME-01,ACADEMIC,600,2026-09-22T20:00:00+00:00,20,1,22,9,0,21,3.5,LOW,Synthetic/Simulation Data — For Academic Demonstration,56,55,89.3,9.33
5,Central Library Plaza,LIB-01,LIBRARY,700,2026-09-22T20:00:00+00:00,20,1,22,9,0,621,88.71,HIGH,Synthetic/Simulation Data — For Academic Demonstration,621,592,571.7,88.71
6,Auditorium Plaza,AUD-01,AUDITORIUM,1000,2026-09-22T20:00:00+00:00,20,1,22,9,0,93,9.3,LOW,Synthetic/Simulation Data — For Academic Demonstration,50,39,60.0,5.0
7,Food Court Square,CAN-01,CANTEEN,550,2026-09-22T20:00:00+00:00,20,1,22,9,0,406,73.82,HIGH,Synthetic/Simulation Data — For Academic Demonstration,381,11,247.3,69.27
8,Sports Arena Entrance,SPT-01,SPORTS,450,2026-09-22T20:00:00+00:00,20,1,22,9,0,369,82.0,HIGH,Synthetic/Simulation Data — For Academic Demonstration,383,348,344.0,85.11
9,Alpha Hostel Quad,HST-01,HOSTEL,500,2026-09-22T20:00:00+00:00,20,1,22,9,0,316,63.2,MEDIUM,Synthetic/Simulation Data — For Academic Demonstration,335,309,284.3,67.0
10,Beta Hostel Quad,HST-02,HOSTEL,500,2026-09-22T20:00:00+00:00,20,1,22,9,0,339,67.8,MEDIUM,Synthetic/Simulation Data — For Academic Demonstration,358,332,314.7,71.6
11,Research Park Hub,RES-01,LAB,350,2026-09-22T20:00:00+00:00,20,1,22,9,0,7,2.0,LOW,Synthetic/Simulation Data — For Academic Demonstration,35,72,64.7,10.0
12,Health Center Entrance,MED-01,MEDICAL,150,2026-09-22T20:00:00+00:00,20,1,22,9,0,20,13.33,LOW,Synthetic/Simulation Data — For Academic Demonstration,13,63,43.7,8.67
1,Admin Complex Hub,ADM-01,ADMIN,300,2026-09-22T21:00:00+00:00,21,1,22,9,0,6,2.0,LOW,Synthetic/Simulation Data — For Academic Demonstration,6,11,10.3,2.0
2,CS & AI Complex Hub,CS-01,ACADEMIC,800,2026-09-22T21:00:00+00:00,21,1,22,9,0,45,5.62,LOW,Synthetic/Simulation Data — For Academic Demonstration,63,78,110.0,7.88
3,Electrical Sciences Hub,EE-01,ACADEMIC,650,2026-09-22T21:00:00+00:00,21,1,22,9,0,13,2.0,LOW,Synthetic/Simulation Data — For Academic Demonstration,81,52,99.3,12.46
4,Mechanical Quad Hub,ME-01,ACADEMIC,600,2026-09-22T21:00:00+00:00,21,1,22,9,0,23,3.83,LOW,Synthetic/Simulation Data — For Academic Demonstration,21,56,44.0,3.5
5,Central Library Plaza,LIB-01,LIBRARY,700,2026-09-22T21:00:00+00:00,21,1,22,9,0,571,81.57,HIGH,Synthetic/Simulation Data — For Academic Demonstration,621,621,611.3,88.71
6,Auditorium Plaza,AUD-01,AUDITORIUM,1000,2026-09-22T21:00:00+00:00,21,1,22,9,0,22,2.2,LOW,Synthetic/Simulation Data — For Academic Demonstration,93,50,60.7,9.3
7,Food Court Square,CAN-01,CANTEEN,550,2026-09-22T21:00:00+00:00,21,1,22,9,0,490,89.09,HIGH,Synthetic/Simulation Data — For Academic Demonstration,406,381,266.0,73.82
8,Sports Arena Entrance,SPT-01,SPORTS,450,2026-09-22T21:00:00+00:00,21,1,22,9,0,77,17.11,LOW,Synthetic/Simulation Data — For Academic Demonstration,369,383,366.7,82.0
9,Alpha Hostel Quad,HST-01,HOSTEL,500,2026-09-22T21:00:00+00:00,21,1,22,9,0,419,83.8,HIGH,Synthetic/Simulation Data — For Academic Demonstration,316,335,320.0,63.2
10,Beta Hostel Quad,HST-02,HOSTEL,500,2026-09-22T21:00:00+00:00,21,1,22,9,0,432,86.4,HIGH,Synthetic/Simulation Data — For Academic Demonstration,339,358,343.0,67.8
11,Research Park Hub,RES-01,LAB,350,2026-09-22T21:00:00+00:00,21,1,22,9,0,7,2.0,LOW,Synthetic/Simulation Data — For Academic Demonstration,7,35,38.0,2.0
12,Health Center Entrance,MED-01,MEDICAL,150,2026-09-22T21:00:00+00:00,21,1,22,9,0,20,13.33,LOW,Synthetic/Simulation Data — For Academic Demonstration,20,13,32.0,13.33
1,Admin Complex Hub,ADM-01,ADMIN,300,2026-09-22T22:00:00+00:00,22,1,22,9,0,9,3.0,LOW,Synthetic/Simulation Data — For Academic Demonstration,6,6,7.7,2.0
2,CS & AI Complex Hub,CS-01,ACADEMIC,800,2026-09-22T22:00:00+00:00,22,1,22,9,0,58,7.25,LOW,Synthetic/Simulation Data — For Academic Demonstration,45,63,62.0,5.62
3,Electrical Sciences Hub,EE-01,ACADEMIC,650,2026-09-22T22:00:00+00:00,22,1,22,9,0,22,3.38,LOW,Synthetic/Simulation Data — For Academic Demonstration,13,81,48.7,2.0
4,Mechanical Quad Hub,ME-01,ACADEMIC,600,2026-09-22T22:00:00+00:00,22,1,22,9,0,30,5.0,LOW,Synthetic/Simulation Data — For Academic Demonstration,23,21,33.3,3.83
5,Central Library Plaza,LIB-01,LIBRARY,700,2026-09-22T22:00:00+00:00,22,1,22,9,0,19,2.71,LOW,Synthetic/Simulation Data — For Academic Demonstration,571,621,604.3,81.57
6,Auditorium Plaza,AUD-01,AUDITORIUM,1000,2026-09-22T22:00:00+00:00,22,1,22,9,0,76,7.6,LOW,Synthetic/Simulation Data — For Academic Demonstration,22,93,55.0,2.2
7,Food Court Square,CAN-01,CANTEEN,550,2026-09-22T22:00:00+00:00,22,1,22,9,0,22,4.0,LOW,Synthetic/Simulation Data — For Academic Demonstration,490,406,425.7,89.09
8,Sports Arena Entrance,SPT-01,SPORTS,450,2026-09-22T22:00:00+00:00,22,1,22,9,0,36,8.0,LOW,Synthetic/Simulation Data — For Academic Demonstration,77,369,276.3,17.11
9,Alpha Hostel Quad,HST-01,HOSTEL,500,2026-09-22T22:00:00+00:00,22,1,22,9,0,500,100.0,CRITICAL,Synthetic/Simulation Data — For Academic Demonstration,419,316,356.7,83.8
10,Beta Hostel Quad,HST-02,HOSTEL,500,2026-09-22T22:00:00+00:00,22,1,22,9,0,512,102.4,CRITICAL,Synthetic/Simulation Data — For Academic Demonstration,432,339,376.3,86.4
11,Research Park Hub,RES-01,LAB,350,2026-09-22T22:00:00+00:00,22,1,22,9,0,28,8.0,LOW,Synthetic/Simulation Data — For Academic Demonstration,7,7,16.3,2.0
12,Health Center Entrance,MED-01,MEDICAL,150,2026-09-22T22:00:00+00:00,22,1,22,9,0,15,10.0,LOW,Synthetic/Simulation Data — For Academic Demonstration,20,20,17.7,13.33
1,Admin Complex Hub,ADM-01,ADMIN,300,2026-09-22T23:00:00+00:00,23,1,22,9,0,28,9.33,LOW,Synthetic/Simulation Data — For Academic Demonstration,9,6,7.0,3.0
2,CS & AI Complex Hub,CS-01,ACADEMIC,800,2026-09-22T23:00:00+00:00,23,1,22,9,0,93,11.62,LOW,Synthetic/Simulation Data — For Academic Demonstration,58,45,55.3,7.25
3,Electrical Sciences Hub,EE-01,ACADEMIC,650,2026-09-22T23:00:00+00:00,23,1,22,9,0,41,6.31,LOW,Synthetic/Simulation Data — For Academic Demonstration,22,13,38.7,3.38
4,Mechanical Quad Hub,ME-01,ACADEMIC,600,2026-09-22T23:00:00+00:00,23,1,22,9,0,31,5.17,LOW,Synthetic/Simulation Data — For Academic Demonstration,30,23,24.7,5.0
5,Central Library Plaza,LIB-01,LIBRARY,700,2026-09-22T23:00:00+00:00,23,1,22,9,0,56,8.0,LOW,Synthetic/Simulation Data — For Academic Demonstration,19,571,403.7,2.71
6,Auditorium Plaza,AUD-01,AUDITORIUM,1000,2026-09-22T23:00:00+00:00,23,1,22,9,0,20,2.0,LOW,Synthetic/Simulation Data — For Academic Demonstration,76,22,63.7,7.6
7,Food Court Square,CAN-01,CANTEEN,550,2026-09-22T23:00:00+00:00,23,1,22,9,0,15,2.73,LOW,Synthetic/Simulation Data — For Academic Demonstration,22,490,306.0,4.0
8,Sports Arena Entrance,SPT-01,SPORTS,450,2026-09-22T23:00:00+00:00,23,1,22,9,0,49,10.89,LOW,Synthetic/Simulation Data — For Academic Demonstration,36,77,160.7,8.0
9,Alpha Hostel Quad,HST-01,HOSTEL,500,2026-09-22T23:00:00+00:00,23,1,22,9,0,487,97.4,CRITICAL,Synthetic/Simulation Data — For Academic Demonstration,500,419,411.7,100.0
10,Beta Hostel Quad,HST-02,HOSTEL,500,2026-09-22T23:00:00+00:00,23,1,22,9,0,473,94.6,CRITICAL,Synthetic/Simulation Data — For Academic Demonstration,512,432,427.7,102.4
11,Research Park Hub,RES-01,LAB,350,2026-09-22T23:00:00+00:00,23,1,22,9,0,29,8.29,LOW,Synthetic/Simulation Data — For Academic Demonstration,28,7,14.0,8.0
12,Health Center Entrance,MED-01,MEDICAL,150,2026-09-22T23:00:00+00:00,23,1,22,9,0,14,9.33,LOW,Synthetic/Simulation Data — For Academic Demonstration,15,20,18.3,10.0
1,Admin Complex Hub,ADM-01,ADMIN,300,2026-09-23T00:00:00+00:00,0,2,23,9,0,19,6.33,LOW,Synthetic/Simulation Data — For Academic Demonstration,28,9,14.3,9.33
2,CS & AI Complex Hub,CS-01,ACADEMIC,800,2026-09-23T00:00:00+00:00,0,2,23,9,0,24,3.0,LOW,Synthetic/Simulation Data — For Academic Demonstration,93,58,65.3,11.62
3,Electrical Sciences Hub,EE-01,ACADEMIC,650,2026-09-23T00:00:00+00:00,0,2,23,9,0,33,5.08,LOW,Synthetic/Simulation Data — For Academic Demonstration,41,22,25.3,6.31
4,Mechanical Quad Hub,ME-01,ACADEMIC,600,2026-09-23T00:00:00+00:00,0,2,23,9,0,60,10.0,LOW,Synthetic/Simulation Data — For Academic Demonstration,31,30,28.0,5.17
5,Central Library Plaza,LIB-01,LIBRARY,700,2026-09-23T00:00:00+00:00,0,2,23,9,0,49,7.0,LOW,Synthetic/Simulation Data — For Academic Demonstration,56,19,215.3,8.0
6,Auditorium Plaza,AUD-01,AUDITORIUM,1000,2026-09-23T00:00:00+00:00,0,2,23,9,0,71,7.1,LOW,Synthetic/Simulation Data — For Academic Demonstration,20,76,39.3,2.0
7,Food Court Square,CAN-01,CANTEEN,550,2026-09-23T00:00:00+00:00,0,2,23,9,0,11,2.0,LOW,Synthetic/Simulation Data — For Academic Demonstration,15,22,175.7,2.73
8,Sports Arena Entrance,SPT-01,SPORTS,450,2026-09-23T00:00:00+00:00,0,2,23,9,0,45,10.0,LOW,Synthetic/Simulation Data — For Academic Demonstration,49,36,54.0,10.89
9,Alpha Hostel Quad,HST-01,HOSTEL,500,2026-09-23T00:00:00+00:00,0,2,23,9,0,469,93.8,CRITICAL,Synthetic/Simulation Data — For Academic Demonstration,487,500,468.7,97.4
10,Beta Hostel Quad,HST-02,HOSTEL,500,2026-09-23T00:00:00+00:00,0,2,23,9,0,484,96.8,CRITICAL,Synthetic/Simulation Data — For Academic Demonstration,473,512,472.3,94.6
11,Research Park Hub,RES-01,LAB,350,2026-09-23T00:00:00+00:00,0,2,23,9,0,18,5.14,LOW,Synthetic/Simulation Data — For Academic Demonstration,29,28,21.3,8.29
12,Health Center Entrance,MED-01,MEDICAL,150,2026-09-23T00:00:00+00:00,0,2,23,9,0,13,8.67,LOW,Synthetic/Simulation Data — For Academic Demonstration,14,15,16.3,9.33
1,Admin Complex Hub,ADM-01,ADMIN,300,2026-09-23T01:00:00+00:00,1,2,23,9,0,6,2.0,LOW,Synthetic/Simulation Data — For Academic Demonstration,19,28,18.7,6.33
2,CS & AI Complex Hub,CS-01,ACADEMIC,800,2026-09-23T01:00:00+00:00,1,2,23,9,0,16,2.0,LOW,Synthetic/Simulation Data — For Academic Demonstration,24,93,58.3,3.0
3,Electrical Sciences Hub,EE-01,ACADEMIC,650,2026-09-23T01:00:00+00:00,1,2,23,9,0,13,2.0,LOW,Synthetic/Simulation Data — For Academic Demonstration,33,41,32.0,5.08
4,Mechanical Quad Hub,ME-01,ACADEMIC,600,2026-09-23T01:00:00+00:00,1,2,23,9,0,31,5.17,LOW,Synthetic/Simulation Data — For Academic Demonstration,60,31,40.3,10.0
5,Central Library Plaza,LIB-01,LIBRARY,700,2026-09-23T01:00:00+00:00,1,2,23,9,0,14,2.0,LOW,Synthetic/Simulation Data — For Academic Demonstration,49,56,41.3,7.0
6,Auditorium Plaza,AUD-01,AUDITORIUM,1000,2026-09-23T01:00:00+00:00,1,2,23,9,0,113,11.3,LOW,Synthetic/Simulation Data — For Academic Demonstration,71,20,55.7,7.1
7,Food Court Square,CAN-01,CANTEEN,550,2026-09-23T01:00:00+00:00,1,2,23,9,0,26,4.73,LOW,Synthetic/Simulation Data — For Academic Demonstration,11,15,16.0,2.0
8,Sports Arena Entrance,SPT-01,SPORTS,450,2026-09-23T01:00:00+00:00,1,2,23,9,0,66,14.67,LOW,Synthetic/Simulation Data — For Academic Demonstration,45,49,43.3,10.0
9,Alpha Hostel Quad,HST-01,HOSTEL,500,2026-09-23T01:00:00+00:00,1,2,23,9,0,490,98.0,CRITICAL,Synthetic/Simulation Data — For Academic Demonstration,469,487,485.3,93.8
10,Beta Hostel Quad,HST-02,HOSTEL,500,2026-09-23T01:00:00+00:00,1,2,23,9,0,499,99.8,CRITICAL,Synthetic/Simulation Data — For Academic Demonstration,484,473,489.7,96.8
11,Research Park Hub,RES-01,LAB,350,2026-09-23T01:00:00+00:00,1,2,23,9,0,7,2.0,LOW,Synthetic/Simulation Data — For Academic Demonstration,18,29,25.0,5.14
12,Health Center Entrance,MED-01,MEDICAL,150,2026-09-23T01:00:00+00:00,1,2,23,9,0,15,10.0,LOW,Synthetic/Simulation Data — For Academic Demonstration,13,14,14.0,8.67
1,Admin Complex Hub,ADM-01,ADMIN,300,2026-09-23T02:00:00+00:00,2,2,23,9,0,19,6.33,LOW,Synthetic/Simulation Data — For Academic Demonstration,6,19,17.7,2.0
2,CS & AI Complex Hub,CS-01,ACADEMIC,800,2026-09-23T02:00:00+00:00,2,2,23,9,0,16,2.0,LOW,Synthetic/Simulation Data — For Academic Demonstration,16,24,44.3,2.0
3,Electrical Sciences Hub,EE-01,ACADEMIC,650,2026-09-23T02:00:00+00:00,2,2,23,9,0,21,3.23,LOW,Synthetic/Simulation Data — For Academic Demonstration,13,33,29.0,2.0
4,Mechanical Quad Hub,ME-01,ACADEMIC,600,2026-09-23T02:00:00+00:00,2,2,23,9,0,16,2.67,LOW,Synthetic/Simulation Data — For Academic Demonstration,31,60,40.7,5.17
5,Central Library Plaza,LIB-01,LIBRARY,700,2026-09-23T02:00:00+00:00,2,2,23,9,0,38,5.43,LOW,Synthetic/Simulation Data — For Academic Demonstration,14,49,39.7,2.0
6,Auditorium Plaza,AUD-01,AUDITORIUM,1000,2026-09-23T02:00:00+00:00,2,2,23,9,0,146,14.6,LOW,Synthetic/Simulation Data — For Academic Demonstration,113,71,68.0,11.3
7,Food Court Square,CAN-01,CANTEEN,550,2026-09-23T02:00:00+00:00,2,2,23,9,0,11,2.0,LOW,Synthetic/Simulation Data — For Academic Demonstration,26,11,17.3,4.73
8,Sports Arena Entrance,SPT-01,SPORTS,450,2026-09-23T02:00:00+00:00,2,2,23,9,0,90,20.0,LOW,Synthetic/Simulation Data — For Academic Demonstration,66,45,53.3,14.67
9,Alpha Hostel Quad,HST-01,HOSTEL,500,2026-09-23T02:00:00+00:00,2,2,23,9,0,501,100.2,CRITICAL,Synthetic/Simulation Data — For Academic Demonstration,490,469,482.0,98.0
10,Beta Hostel Quad,HST-02,HOSTEL,500,2026-09-23T02:00:00+00:00,2,2,23,9,0,495,99.0,CRITICAL,Synthetic/Simulation Data — For Academic Demonstration,499,484,485.3,99.8
11,Research Park Hub,RES-01,LAB,350,2026-09-23T02:00:00+00:00,2,2,23,9,0,7,2.0,LOW,Synthetic/Simulation Data — For Academic Demonstration,7,18,18.0,2.0
12,Health Center Entrance,MED-01,MEDICAL,150,2026-09-23T02:00:00+00:00,2,2,23,9,0,20,13.33,LOW,Synthetic/Simulation Data — For Academic Demonstration,15,13,14.0,10.0
1,Admin Complex Hub,ADM-01,ADMIN,300,2026-09-23T03:00:00+00:00,3,2,23,9,0,10,3.33,LOW,Synthetic/Simulation Data — For Academic Demonstration,19,6,14.7,6.33
2,CS & AI Complex Hub,CS-01,ACADEMIC,800,2026-09-23T03:00:00+00:00,3,2,23,9,0,16,2.0,LOW,Synthetic/Simulation Data — For Academic Demonstration,16,16,18.7,2.0
3,Electrical Sciences Hub,EE-01,ACADEMIC,650,2026-09-23T03:00:00+00:00,3,2,23,9,0,13,2.0,LOW,Synthetic/Simulation Data — For Academic Demonstration,21,13,22.3,3.23
4,Mechanical Quad Hub,ME-01,ACADEMIC,600,2026-09-23T03:00:00+00:00,3,2,23,9,0,12,2.0,LOW,Synthetic/Simulation Data — For Academic Demonstration,16,31,35.7,2.67
5,Central Library Plaza,LIB-01,LIBRARY,700,2026-09-23T03:00:00+00:00,3,2,23,9,0,56,8.0,LOW,Synthetic/Simulation Data — For Academic Demonstration,38,14,33.7,5.43
6,Auditorium Plaza,AUD-01,AUDITORIUM,1000,2026-09-23T03:00:00+00:00,3,2,23,9,0,70,7.0,LOW,Synthetic/Simulation Data — For Academic Demonstration,146,113,110.0,14.6
7,Food Court Square,CAN-01,CANTEEN,550,2026-09-23T03:00:00+00:00,3,2,23,9,0,14,2.55,LOW,Synthetic/Simulation Data — For Academic Demonstration,11,26,16.0,2.0
8,Sports Arena Entrance,SPT-01,SPORTS,450,2026-09-23T03:00:00+00:00,3,2,23,9,0,35,7.78,LOW,Synthetic/Simulation Data — For Academic Demonstration,90,66,67.0,20.0
9,Alpha Hostel Quad,HST-01,HOSTEL,500,2026-09-23T03:00:00+00:00,3,2,23,9,0,483,96.6,CRITICAL,Synthetic/Simulation Data — For Academic Demonstration,501,490,486.7,100.2
10,Beta Hostel Quad,HST-02,HOSTEL,500,2026-09-23T03:00:00+00:00,3,2,23,9,0,489,97.8,CRITICAL,Synthetic/Simulation Data — For Academic Demonstration,495,499,492.7,99.0
11,Research Park Hub,RES-01,LAB,350,2026-09-23T03:00:00+00:00,3,2,23,9,0,22,6.29,LOW,Synthetic/Simulation Data — For Academic Demonstration,7,7,10.7,2.0
12,Health Center Entrance,MED-01,MEDICAL,150,2026-09-23T03:00:00+00:00,3,2,23,9,0,10,6.67,LOW,Synthetic/Simulation Data — For Academic Demonstration,20,15,16.0,13.33
1,Admin Complex Hub,ADM-01,ADMIN,300,2026-09-23T04:00:00+00:00,4,2,23,9,0,7,2.33,LOW,Synthetic/Simulation Data — For Academic Demonstration,10,19,11.7,3.33
2,CS & AI Complex Hub,CS-01,ACADEMIC,800,2026-09-23T04:00:00+00:00,4,2,23,9,0,30,3.75,LOW,Synthetic/Simulation Data — For Academic Demonstration,16,16,16.0,2.0
3,Electrical Sciences Hub,EE-01,ACADEMIC,650,2026-09-23T04:00:00+00:00,4,2,23,9,0,13,2.0,LOW,Synthetic/Simulation Data — For Academic Demonstration,13,21,15.7,2.0
4,Mechanical Quad Hub,ME-01,ACADEMIC,600,2026-09-23T04:00:00+00:00,4,2,23,9,0,12,2.0,LOW,Synthetic/Simulation Data — For Academic Demonstration,12,16,19.7,2.0
5,Central Library Plaza,LIB-01,LIBRARY,700,2026-09-23T04:00:00+00:00,4,2,23,9,0,14,2.0,LOW,Synthetic/Simulation Data — For Academic Demonstration,56,38,36.0,8.0
6,Auditorium Plaza,AUD-01,AUDITORIUM,1000,2026-09-23T04:00:00+00:00,4,2,23,9,0,49,4.9,LOW,Synthetic/Simulation Data — For Academic Demonstration,70,146,109.7,7.0
7,Food Court Square,CAN-01,CANTEEN,550,2026-09-23T04:00:00+00:00,4,2,23,9,0,67,12.18,LOW,Synthetic/Simulation Data — For Academic Demonstration,14,11,17.0,2.55
8,Sports Arena Entrance,SPT-01,SPORTS,450,2026-09-23T04:00:00+00:00,4,2,23,9,0,36,8.0,LOW,Synthetic/Simulation Data — For Academic Demonstration,35,90,63.7,7.78
9,Alpha Hostel Quad,HST-01,HOSTEL,500,2026-09-23T04:00:00+00:00,4,2,23,9,0,456,91.2,CRITICAL,Synthetic/Simulation Data — For Academic Demonstration,483,501,491.3,96.6
10,Beta Hostel Quad,HST-02,HOSTEL,500,2026-09-23T04:00:00+00:00,4,2,23,9,0,467,93.4,CRITICAL,Synthetic/Simulation Data — For Academic Demonstration,489,495,494.3,97.8
11,Research Park Hub,RES-01,LAB,350,2026-09-23T04:00:00+00:00,4,2,23,9,0,7,2.0,LOW,Synthetic/Simulation Data — For Academic Demonstration,22,7,12.0,6.29
12,Health Center Entrance,MED-01,MEDICAL,150,2026-09-23T04:00:00+00:00,4,2,23,9,0,16,10.67,LOW,Synthetic/Simulation Data — For Academic Demonstration,10,20,15.0,6.67
1,Admin Complex Hub,ADM-01,ADMIN,300,2026-09-23T05:00:00+00:00,5,2,23,9,0,22,7.33,LOW,Synthetic/Simulation Data — For Academic Demonstration,7,10,12.0,2.33
2,CS & AI Complex Hub,CS-01,ACADEMIC,800,2026-09-23T05:00:00+00:00,5,2,23,9,0,43,5.38,LOW,Synthetic/Simulation Data — For Academic Demonstration,30,16,20.7,3.75
3,Electrical Sciences Hub,EE-01,ACADEMIC,650,2026-09-23T05:00:00+00:00,5,2,23,9,0,48,7.38,LOW,Synthetic/Simulation Data — For Academic Demonstration,13,13,15.7,2.0
4,Mechanical Quad Hub,ME-01,ACADEMIC,600,2026-09-23T05:00:00+00:00,5,2,23,9,0,37,6.17,LOW,Synthetic/Simulation Data — For Academic Demonstration,12,12,13.3,2.0
5,Central Library Plaza,LIB-01,LIBRARY,700,2026-09-23T05:00:00+00:00,5,2,23,9,0,50,7.14,LOW,Synthetic/Simulation Data — For Academic Demonstration,14,56,36.0,2.0
6,Auditorium Plaza,AUD-01,AUDITORIUM,1000,2026-09-23T05:00:00+00:00,5,2,23,9,0,103,10.3,LOW,Synthetic/Simulation Data — For Academic Demonstration,49,70,88.3,4.9
7,Food Court Square,CAN-01,CANTEEN,550,2026-09-23T05:00:00+00:00,5,2,23,9,0,11,2.0,LOW,Synthetic/Simulation Data — For Academic Demonstration,67,14,30.7,12.18
8,Sports Arena Entrance,SPT-01,SPORTS,450,2026-09-23T05:00:00+00:00,5,2,23,9,0,64,14.22,LOW,Synthetic/Simulation Data — For Academic Demonstration,36,35,53.7,8.0
9,Alpha Hostel Quad,HST-01,HOSTEL,500,2026-09-23T05:00:00+00:00,5,2,23,9,0,430,86.0,HIGH,Synthetic/Simulation Data — For Academic Demonstration,456,483,480.0,91.2
10,Beta Hostel Quad,HST-02,HOSTEL,500,2026-09-23T05:00:00+00:00,5,2,23,9,0,420,84.0,HIGH,Synthetic/Simulation Data — For Academic Demonstration,467,489,483.7,93.4
11,Research Park Hub,RES-01,LAB,350,2026-09-23T05:00:00+00:00,5,2,23,9,0,7,2.0,LOW,Synthetic/Simulation Data — For Academic Demonstration,7,22,12.0,2.0
12,Health Center Entrance,MED-01,MEDICAL,150,2026-09-23T05:00:00+00:00,5,2,23,9,0,8,5.33,LOW,Synthetic/Simulation Data — For Academic Demonstration,16,10,15.3,10.67
1,Admin Complex Hub,ADM-01,ADMIN,300,2026-09-23T06:00:00+00:00,6,2,23,9,0,27,9.0,LOW,Synthetic/Simulation Data — For Academic Demonstration,22,7,13.0,7.33
2,CS & AI Complex Hub,CS-01,ACADEMIC,800,2026-09-23T06:00:00+00:00,6,2,23,9,0,41,5.12,LOW,Synthetic/Simulation Data — For Academic Demonstration,43,30,29.7,5.38
3,Electrical Sciences Hub,EE-01,ACADEMIC,650,2026-09-23T06:00:00+00:00,6,2,23,9,0,35,5.38,LOW,Synthetic/Simulation Data — For Academic Demonstration,48,13,24.7,7.38
4,Mechanical Quad Hub,ME-01,ACADEMIC,600,2026-09-23T06:00:00+00:00,6,2,23,9,0,49,8.17,LOW,Synthetic/Simulation Data — For Academic Demonstration,37,12,20.3,6.17
5,Central Library Plaza,LIB-01,LIBRARY,700,2026-09-23T06:00:00+00:00,6,2,23,9,0,16,2.29,LOW,Synthetic/Simulation Data — For Academic Demonstration,50,14,40.0,7.14
6,Auditorium Plaza,AUD-01,AUDITORIUM,1000,2026-09-23T06:00:00+00:00,6,2,23,9,0,72,7.2,LOW,Synthetic/Simulation Data — For Academic Demonstration,103,49,74.0,10.3
7,Food Court Square,CAN-01,CANTEEN,550,2026-09-23T06:00:00+00:00,6,2,23,9,0,36,6.55,LOW,Synthetic/Simulation Data — For Academic Demonstration,11,67,30.7,2.0
8,Sports Arena Entrance,SPT-01,SPORTS,450,2026-09-23T06:00:00+00:00,6,2,23,9,0,280,62.22,MEDIUM,Synthetic/Simulation Data — For Academic Demonstration,64,36,45.0,14.22
9,Alpha Hostel Quad,HST-01,HOSTEL,500,2026-09-23T06:00:00+00:00,6,2,23,9,0,445,89.0,HIGH,Synthetic/Simulation Data — For Academic Demonstration,430,456,456.3,86.0
10,Beta Hostel Quad,HST-02,HOSTEL,500,2026-09-23T06:00:00+00:00,6,2,23,9,0,464,92.8,CRITICAL,Synthetic/Simulation Data — For Academic Demonstration,420,467,458.7,84.0
11,Research Park Hub,RES-01,LAB,350,2026-09-23T06:00:00+00:00,6,2,23,9,0,7,2.0,LOW,Synthetic/Simulation Data — For Academic Demonstration,7,7,12.0,2.0
12,Health Center Entrance,MED-01,MEDICAL,150,2026-09-23T06:00:00+00:00,6,2,23,9,0,9,6.0,LOW,Synthetic/Simulation Data — For Academic Demonstration,8,16,11.3,5.33
1,Admin Complex Hub,ADM-01,ADMIN,300,2026-09-23T07:00:00+00:00,7,2,23,9,0,26,8.67,LOW,Synthetic/Simulation Data — For Academic Demonstration,27,22,18.7,9.0
2,CS & AI Complex Hub,CS-01,ACADEMIC,800,2026-09-23T07:00:00+00:00,7,2,23,9,0,58,7.25,LOW,Synthetic/Simulation Data — For Academic Demonstration,41,43,38.0,5.12
3,Electrical Sciences Hub,EE-01,ACADEMIC,650,2026-09-23T07:00:00+00:00,7,2,23,9,0,13,2.0,LOW,Synthetic/Simulation Data — For Academic Demonstration,35,48,32.0,5.38
4,Mechanical Quad Hub,ME-01,ACADEMIC,600,2026-09-23T07:00:00+00:00,7,2,23,9,0,61,10.17,LOW,Synthetic/Simulation Data — For Academic Demonstration,49,37,32.7,8.17
5,Central Library Plaza,LIB-01,LIBRARY,700,2026-09-23T07:00:00+00:00,7,2,23,9,0,51,7.29,LOW,Synthetic/Simulation Data — For Academic Demonstration,16,50,26.7,2.29
6,Auditorium Plaza,AUD-01,AUDITORIUM,1000,2026-09-23T07:00:00+00:00,7,2,23,9,0,113,11.3,LOW,Synthetic/Simulation Data — For Academic Demonstration,72,103,74.7,7.2
7,Food Court Square,CAN-01,CANTEEN,550,2026-09-23T07:00:00+00:00,7,2,23,9,0,232,42.18,MEDIUM,Synthetic/Simulation Data — For Academic Demonstration,36,11,38.0,6.55
8,Sports Arena Entrance,SPT-01,SPORTS,450,2026-09-23T07:00:00+00:00,7,2,23,9,0,268,59.56,MEDIUM,Synthetic/Simulation Data — For Academic Demonstration,280,64,126.7,62.22
9,Alpha Hostel Quad,HST-01,HOSTEL,500,2026-09-23T07:00:00+00:00,7,2,23,9,0,428,85.6,HIGH,Synthetic/Simulation Data — For Academic Demonstration,445,430,443.7,89.0
10,Beta Hostel Quad,HST-02,HOSTEL,500,2026-09-23T07:00:00+00:00,7,2,23,9,0,397,79.4,HIGH,Synthetic/Simulation Data — For Academic Demonstration,464,420,450.3,92.8
11,Research Park Hub,RES-01,LAB,350,2026-09-23T07:00:00+00:00,7,2,23,9,0,11,3.14,LOW,Synthetic/Simulation Data — For Academic Demonstration,7,7,7.0,2.0
12,Health Center Entrance,MED-01,MEDICAL,150,2026-09-23T07:00:00+00:00,7,2,23,9,0,15,10.0,LOW,Synthetic/Simulation Data — For Academic Demonstration,9,8,11.0,6.0
1,Admin Complex Hub,ADM-01,ADMIN,300,2026-09-23T08:00:00+00:00,8,2,23,9,0,6,2.0,LOW,Synthetic/Simulation Data — For Academic Demonstration,26,27,25.0,8.67
2,CS & AI Complex Hub,CS-01,ACADEMIC,800,2026-09-23T08:00:00+00:00,8,2,23,9,0,560,70.0,MEDIUM,Synthetic/Simulation Data — For Academic Demonstration,58,41,47.3,7.25
3,Electrical Sciences Hub,EE-01,ACADEMIC,650,2026-09-23T08:00:00+00:00,8,2,23,9,0,478,73.54,HIGH,Synthetic/Simulation Data — For Academic Demonstration,13,35,32.0,2.0
4,Mechanical Quad Hub,ME-01,ACADEMIC,600,2026-09-23T08:00:00+00:00,8,2,23,9,0,400,66.67,MEDIUM,Synthetic/Simulation Data — For Academic Demonstration,61,49,49.0,10.17
5,Central Library Plaza,LIB-01,LIBRARY,700,2026-09-23T08:00:00+00:00,8,2,23,9,0,224,32.0,LOW,Synthetic/Simulation Data — For Academic Demonstration,51,16,39.0,7.29
6,Auditorium Plaza,AUD-01,AUDITORIUM,1000,2026-09-23T08:00:00+00:00,8,2,23,9,0,120,12.0,LOW,Synthetic/Simulation Data — For Academic Demonstration,113,72,96.0,11.3
7,Food Court Square,CAN-01,CANTEEN,550,2026-09-23T08:00:00+00:00,8,2,23,9,0,329,59.82,MEDIUM,Synthetic/Simulation Data — For Academic Demonstration,232,36,93.0,42.18
8,Sports Arena Entrance,SPT-01,SPORTS,450,2026-09-23T08:00:00+00:00,8,2,23,9,0,261,58.0,MEDIUM,Synthetic/Simulation Data — For Academic Demonstration,268,280,204.0,59.56
9,Alpha Hostel Quad,HST-01,HOSTEL,500,2026-09-23T08:00:00+00:00,8,2,23,9,0,93,18.6,LOW,Synthetic/Simulation Data — For Academic Demonstration,428,445,434.3,85.6
10,Beta Hostel Quad,HST-02,HOSTEL,500,2026-09-23T08:00:00+00:00,8,2,23,9,0,81,16.2,LOW,Synthetic/Simulation Data — For Academic Demonstration,397,464,427.0,79.4
11,Research Park Hub,RES-01,LAB,350,2026-09-23T08:00:00+00:00,8,2,23,9,0,234,66.86,MEDIUM,Synthetic/Simulation Data — For Academic Demonstration,11,7,8.3,3.14
12,Health Center Entrance,MED-01,MEDICAL,150,2026-09-23T08:00:00+00:00,8,2,23,9,0,41,27.33,LOW,Synthetic/Simulation Data — For Academic Demonstration,15,9,10.7,10.0
1,Admin Complex Hub,ADM-01,ADMIN,300,2026-09-23T09:00:00+00:00,9,2,23,9,0,146,48.67,MEDIUM,Synthetic/Simulation Data — For Academic Demonstration,6,26,19.7,2.0
2,CS & AI Complex Hub,CS-01,ACADEMIC,800,2026-09-23T09:00:00+00:00,9,2,23,9,0,710,88.75,HIGH,Synthetic/Simulation Data — For Academic Demonstration,560,58,219.7,70.0
3,Electrical Sciences Hub,EE-01,ACADEMIC,650,2026-09-23T09:00:00+00:00,9,2,23,9,0,547,84.15,HIGH,Synthetic/Simulation Data — For Academic Demonstration,478,13,175.3,73.54
4,Mechanical Quad Hub,ME-01,ACADEMIC,600,2026-09-23T09:00:00+00:00,9,2,23,9,0,490,81.67,HIGH,Synthetic/Simulation Data — For Academic Demonstration,400,61,170.0,66.67
5,Central Library Plaza,LIB-01,LIBRARY,700,2026-09-23T09:00:00+00:00,9,2,23,9,0,262,37.43,LOW,Synthetic/Simulation Data — For Academic Demonstration,224,51,97.0,32.0
6,Auditorium Plaza,AUD-01,AUDITORIUM,1000,2026-09-23T09:00:00+00:00,9,2,23,9,0,66,6.6,LOW,Synthetic/Simulation Data — For Academic Demonstration,120,113,101.7,12.0
7,Food Court Square,CAN-01,CANTEEN,550,2026-09-23T09:00:00+00:00,9,2,23,9,0,138,25.09,LOW,Synthetic/Simulation Data — For Academic Demonstration,329,232,199.0,59.82
8,Sports Arena Entrance,SPT-01,SPORTS,450,2026-09-23T09:00:00+00:00,9,2,23,9,0,39,8.67,LOW,Synthetic/Simulation Data — For Academic Demonstration,261,268,269.7,58.0
9,Alpha Hostel Quad,HST-01,HOSTEL,500,2026-09-23T09:00:00+00:00,9,2,23,9,0,103,20.6,LOW,Synthetic/Simulation Data — For Academic Demonstration,93,428,322.0,18.6
10,Beta Hostel Quad,HST-02,HOSTEL,500,2026-09-23T09:00:00+00:00,9,2,23,9,0,75,15.0,LOW,Synthetic/Simulation Data — For Academic Demonstration,81,397,314.0,16.2
11,Research Park Hub,RES-01,LAB,350,2026-09-23T09:00:00+00:00,9,2,23,9,0,291,83.14,HIGH,Synthetic/Simulation Data — For Academic Demonstration,234,11,84.0,66.86
12,Health Center Entrance,MED-01,MEDICAL,150,2026-09-23T09:00:00+00:00,9,2,23,9,0,72,48.0,MEDIUM,Synthetic/Simulation Data — For Academic Demonstration,41,15,21.7,27.33
1,Admin Complex Hub,ADM-01,ADMIN,300,2026-09-23T10:00:00+00:00,10,2,23,9,0,175,58.33,MEDIUM,Synthetic/Simulation Data — For Academic Demonstration,146,6,59.3,48.67
2,CS & AI Complex Hub,CS-01,ACADEMIC,800,2026-09-23T10:00:00+00:00,10,2,23,9,0,695,86.88,HIGH,Synthetic/Simulation Data — For Academic Demonstration,710,560,442.7,88.75
3,Electrical Sciences Hub,EE-01,ACADEMIC,650,2026-09-23T10:00:00+00:00,10,2,23,9,0,593,91.23,CRITICAL,Synthetic/Simulation Data — For Academic Demonstration,547,478,346.0,84.15
4,Mechanical Quad Hub,ME-01,ACADEMIC,600,2026-09-23T10:00:00+00:00,10,2,23,9,0,534,89.0,HIGH,Synthetic/Simulation Data — For Academic Demonstration,490,400,317.0,81.67
5,Central Library Plaza,LIB-01,LIBRARY,700,2026-09-23T10:00:00+00:00,10,2,23,9,0,303,43.29,MEDIUM,Synthetic/Simulation Data — For Academic Demonstration,262,224,179.0,37.43
6,Auditorium Plaza,AUD-01,AUDITORIUM,1000,2026-09-23T10:00:00+00:00,10,2,23,9,0,149,14.9,LOW,Synthetic/Simulation Data — For Academic Demonstration,66,120,99.7,6.6
7,Food Court Square,CAN-01,CANTEEN,550,2026-09-23T10:00:00+00:00,10,2,23,9,0,109,19.82,LOW,Synthetic/Simulation Data — For Academic Demonstration,138,329,233.0,25.09
8,Sports Arena Entrance,SPT-01,SPORTS,450,2026-09-23T10:00:00+00:00,10,2,23,9,0,56,12.44,LOW,Synthetic/Simulation Data — For Academic Demonstration,39,261,189.3,8.67
9,Alpha Hostel Quad,HST-01,HOSTEL,500,2026-09-23T10:00:00+00:00,10,2,23,9,0,125,25.0,LOW,Synthetic/Simulation Data — For Academic Demonstration,103,93,208.0,20.6
10,Beta Hostel Quad,HST-02,HOSTEL,500,2026-09-23T10:00:00+00:00,10,2,23,9,0,102,20.4,LOW,Synthetic/Simulation Data — For Academic Demonstration,75,81,184.3,15.0
11,Research Park Hub,RES-01,LAB,350,2026-09-23T10:00:00+00:00,10,2,23,9,0,299,85.43,HIGH,Synthetic/Simulation Data — For Academic Demonstration,291,234,178.7,83.14
12,Health Center Entrance,MED-01,MEDICAL,150,2026-09-23T10:00:00+00:00,10,2,23,9,0,58,38.67,LOW,Synthetic/Simulation Data — For Academic Demonstration,72,41,42.7,48.0
1,Admin Complex Hub,ADM-01,ADMIN,300,2026-09-23T11:00:00+00:00,11,2,23,9,0,200,66.67,MEDIUM,Synthetic/Simulation Data — For Academic Demonstration,175,146,109.0,58.33
2,CS & AI Complex Hub,CS-01,ACADEMIC,800,2026-09-23T11:00:00+00:00,11,2,23,9,0,744,93.0,CRITICAL,Synthetic/Simulation Data — For Academic Demonstration,695,710,655.0,86.88
3,Electrical Sciences Hub,EE-01,ACADEMIC,650,2026-09-23T11:00:00+00:00,11,2,23,9,0,550,84.62,HIGH,Synthetic/Simulation Data — For Academic Demonstration,593,547,539.3,91.23
4,Mechanical Quad Hub,ME-01,ACADEMIC,600,2026-09-23T11:00:00+00:00,11,2,23,9,0,542,90.33,CRITICAL,Synthetic/Simulation Data — For Academic Demonstration,534,490,474.7,89.0
5,Central Library Plaza,LIB-01,LIBRARY,700,2026-09-23T11:00:00+00:00,11,2,23,9,0,337,48.14,MEDIUM,Synthetic/Simulation Data — For Academic Demonstration,303,262,263.0,43.29
6,Auditorium Plaza,AUD-01,AUDITORIUM,1000,2026-09-23T11:00:00+00:00,11,2,23,9,0,106,10.6,LOW,Synthetic/Simulation Data — For Academic Demonstration,149,66,111.7,14.9
7,Food Court Square,CAN-01,CANTEEN,550,2026-09-23T11:00:00+00:00,11,2,23,9,0,172,31.27,LOW,Synthetic/Simulation Data — For Academic Demonstration,109,138,192.0,19.82
8,Sports Arena Entrance,SPT-01,SPORTS,450,2026-09-23T11:00:00+00:00,11,2,23,9,0,65,14.44,LOW,Synthetic/Simulation Data — For Academic Demonstration,56,39,118.7,12.44
9,Alpha Hostel Quad,HST-01,HOSTEL,500,2026-09-23T11:00:00+00:00,11,2,23,9,0,102,20.4,LOW,Synthetic/Simulation Data — For Academic Demonstration,125,103,107.0,25.0
10,Beta Hostel Quad,HST-02,HOSTEL,500,2026-09-23T11:00:00+00:00,11,2,23,9,0,119,23.8,LOW,Synthetic/Simulation Data — For Academic Demonstration,102,75,86.0,20.4
11,Research Park Hub,RES-01,LAB,350,2026-09-23T11:00:00+00:00,11,2,23,9,0,297,84.86,HIGH,Synthetic/Simulation Data — For Academic Demonstration,299,291,274.7,85.43
12,Health Center Entrance,MED-01,MEDICAL,150,2026-09-23T11:00:00+00:00,11,2,23,9,0,70,46.67,MEDIUM,Synthetic/Simulation Data — For Academic Demonstration,58,72,57.0,38.67
1,Admin Complex Hub,ADM-01,ADMIN,300,2026-09-23T12:00:00+00:00,12,2,23,9,0,195,65.0,MEDIUM,Synthetic/Simulation Data — For Academic Demonstration,200,175,173.7,66.67
2,CS & AI Complex Hub,CS-01,ACADEMIC,800,2026-09-23T12:00:00+00:00,12,2,23,9,0,300,37.5,LOW,Synthetic/Simulation Data — For Academic Demonstration,744,695,716.3,93.0
3,Electrical Sciences Hub,EE-01,ACADEMIC,650,2026-09-23T12:00:00+00:00,12,2,23,9,0,206,31.69,LOW,Synthetic/Simulation Data — For Academic Demonstration,550,593,563.3,84.62
4,Mechanical Quad Hub,ME-01,ACADEMIC,600,2026-09-23T12:00:00+00:00,12,2,23,9,0,213,35.5,LOW,Synthetic/Simulation Data — For Academic Demonstration,542,534,522.0,90.33
5,Central Library Plaza,LIB-01,LIBRARY,700,2026-09-23T12:00:00+00:00,12,2,23,9,0,427,61.0,MEDIUM,Synthetic/Simulation Data — For Academic Demonstration,337,303,300.7,48.14
6,Auditorium Plaza,AUD-01,AUDITORIUM,1000,2026-09-23T12:00:00+00:00,12,2,23,9,0,150,15.0,LOW,Synthetic/Simulation Data — For Academic Demonstration,106,149,107.0,10.6
7,Food Court Square,CAN-01,CANTEEN,550,2026-09-23T12:00:00+00:00,12,2,23,9,0,500,90.91,CRITICAL,Synthetic/Simulation Data — For Academic Demonstration,172,109,139.7,31.27
8,Sports Arena Entrance,SPT-01,SPORTS,450,2026-09-23T12:00:00+00:00,12,2,23,9,0,60,13.33,LOW,Synthetic/Simulation Data — For Academic Demonstration,65,56,53.3,14.44
9,Alpha Hostel Quad,HST-01,HOSTEL,500,2026-09-23T12:00:00+00:00,12,2,23,9,0,141,28.2,LOW,Synthetic/Simulation Data — For Academic Demonstration,102,125,110.0,20.4
10,Beta Hostel Quad,HST-02,HOSTEL,500,2026-09-23T12:00:00+00:00,12,2,23,9,0,121,24.2,LOW,Synthetic/Simulation Data — For Academic Demonstration,119,102,98.7,23.8
11,Research Park Hub,RES-01,LAB,350,2026-09-23T12:00:00+00:00,12,2,23,9,0,137,39.14,LOW,Synthetic/Simulation Data — For Academic Demonstration,297,299,295.7,84.86
12,Health Center Entrance,MED-01,MEDICAL,150,2026-09-23T12:00:00+00:00,12,2,23,9,0,80,53.33,MEDIUM,Synthetic/Simulation Data — For Academic Demonstration,70,58,66.7,46.67
1,Admin Complex Hub,ADM-01,ADMIN,300,2026-09-23T13:00:00+00:00,13,2,23,9,0,202,67.33,MEDIUM,Synthetic/Simulation Data — For Academic Demonstration,195,200,190.0,65.0
2,CS & AI Complex Hub,CS-01,ACADEMIC,800,2026-09-23T13:00:00+00:00,13,2,23,9,0,253,31.62,LOW,Synthetic/Simulation Data — For Academic Demonstration,300,744,579.7,37.5
3,Electrical Sciences Hub,EE-01,ACADEMIC,650,2026-09-23T13:00:00+00:00,13,2,23,9,0,213,32.77,LOW,Synthetic/Simulation Data — For Academic Demonstration,206,550,449.7,31.69
4,Mechanical Quad Hub,ME-01,ACADEMIC,600,2026-09-23T13:00:00+00:00,13,2,23,9,0,247,41.17,MEDIUM,Synthetic/Simulation Data — For Academic Demonstration,213,542,429.7,35.5
5,Central Library Plaza,LIB-01,LIBRARY,700,2026-09-23T13:00:00+00:00,13,2,23,9,0,474,67.71,MEDIUM,Synthetic/Simulation Data — For Academic Demonstration,427,337,355.7,61.0
6,Auditorium Plaza,AUD-01,AUDITORIUM,1000,2026-09-23T13:00:00+00:00,13,2,23,9,0,27,2.7,LOW,Synthetic/Simulation Data — For Academic Demonstration,150,106,135.0,15.0
7,Food Court Square,CAN-01,CANTEEN,550,2026-09-23T13:00:00+00:00,13,2,23,9,0,472,85.82,HIGH,Synthetic/Simulation Data — For Academic Demonstration,500,172,260.3,90.91
8,Sports Arena Entrance,SPT-01,SPORTS,450,2026-09-23T13:00:00+00:00,13,2,23,9,0,54,12.0,LOW,Synthetic/Simulation Data — For Academic Demonstration,60,65,60.3,13.33
9,Alpha Hostel Quad,HST-01,HOSTEL,500,2026-09-23T13:00:00+00:00,13,2,23,9,0,115,23.0,LOW,Synthetic/Simulation Data — For Academic Demonstration,141,102,122.7,28.2
10,Beta Hostel Quad,HST-02,HOSTEL,500,2026-09-23T13:00:00+00:00,13,2,23,9,0,120,24.0,LOW,Synthetic/Simulation Data — For Academic Demonstration,121,119,114.0,24.2
11,Research Park Hub,RES-01,LAB,350,2026-09-23T13:00:00+00:00,13,2,23,9,0,124,35.43,LOW,Synthetic/Simulation Data — For Academic Demonstration,137,297,244.3,39.14
12,Health Center Entrance,MED-01,MEDICAL,150,2026-09-23T13:00:00+00:00,13,2,23,9,0,70,46.67,MEDIUM,Synthetic/Simulation Data — For Academic Demonstration,80,70,69.3,53.33
1,Admin Complex Hub,ADM-01,ADMIN,300,2026-09-23T14:00:00+00:00,14,2,23,9,0,186,62.0,MEDIUM,Synthetic/Simulation Data — For Academic Demonstration,202,195,199.0,67.33
2,CS & AI Complex Hub,CS-01,ACADEMIC,800,2026-09-23T14:00:00+00:00,14,2,23,9,0,566,70.75,HIGH,Synthetic/Simulation Data — For Academic Demonstration,253,300,432.3,31.62
3,Electrical Sciences Hub,EE-01,ACADEMIC,650,2026-09-23T14:00:00+00:00,14,2,23,9,0,507,78.0,HIGH,Synthetic/Simulation Data — For Academic Demonstration,213,206,323.0,32.77
4,Mechanical Quad Hub,ME-01,ACADEMIC,600,2026-09-23T14:00:00+00:00,14,2,23,9,0,454,75.67,HIGH,Synthetic/Simulation Data — For Academic Demonstration,247,213,334.0,41.17
5,Central Library Plaza,LIB-01,LIBRARY,700,2026-09-23T14:00:00+00:00,14,2,23,9,0,568,81.14,HIGH,Synthetic/Simulation Data — For Academic Demonstration,474,427,412.7,67.71
6,Auditorium Plaza,AUD-01,AUDITORIUM,1000,2026-09-23T14:00:00+00:00,14,2,23,9,0,759,75.9,HIGH,Synthetic/Simulation Data — For Academic Demonstration,27,150,94.3,2.7
7,Food Court Square,CAN-01,CANTEEN,550,2026-09-23T14:00:00+00:00,14,2,23,9,0,25,4.55,LOW,Synthetic/Simulation Data — For Academic Demonstration,472,500,381.3,85.82
8,Sports Arena Entrance,SPT-01,SPORTS,450,2026-09-23T14:00:00+00:00,14,2,23,9,0,64,14.22,LOW,Synthetic/Simulation Data — For Academic Demonstration,54,60,59.7,12.0
9,Alpha Hostel Quad,HST-01,HOSTEL,500,2026-09-23T14:00:00+00:00,14,2,23,9,0,144,28.8,LOW,Synthetic/Simulation Data — For Academic Demonstration,115,141,119.3,23.0
10,Beta Hostel Quad,HST-02,HOSTEL,500,2026-09-23T14:00:00+00:00,14,2,23,9,0,134,26.8,LOW,Synthetic/Simulation Data — For Academic Demonstration,120,121,120.0,24.0
11,Research Park Hub,RES-01,LAB,350,2026-09-23T14:00:00+00:00,14,2,23,9,0,269,76.86,HIGH,Synthetic/Simulation Data — For Academic Demonstration,124,137,186.0,35.43
12,Health Center Entrance,MED-01,MEDICAL,150,2026-09-23T14:00:00+00:00,14,2,23,9,0,61,40.67,MEDIUM,Synthetic/Simulation Data — For Academic Demonstration,70,80,73.3,46.67
1,Admin Complex Hub,ADM-01,ADMIN,300,2026-09-23T15:00:00+00:00,15,2,23,9,0,172,57.33,MEDIUM,Synthetic/Simulation Data — For Academic Demonstration,186,202,194.3,62.0
2,CS & AI Complex Hub,CS-01,ACADEMIC,800,2026-09-23T15:00:00+00:00,15,2,23,9,0,709,88.62,HIGH,Synthetic/Simulation Data — For Academic Demonstration,566,253,373.0,70.75
3,Electrical Sciences Hub,EE-01,ACADEMIC,650,2026-09-23T15:00:00+00:00,15,2,23,9,0,580,89.23,HIGH,Synthetic/Simulation Data — For Academic Demonstration,507,213,308.7,78.0
4,Mechanical Quad Hub,ME-01,ACADEMIC,600,2026-09-23T15:00:00+00:00,15,2,23,9,0,548,91.33,CRITICAL,Synthetic/Simulation Data — For Academic Demonstration,454,247,304.7,75.67
5,Central Library Plaza,LIB-01,LIBRARY,700,2026-09-23T15:00:00+00:00,15,2,23,9,0,510,72.86,HIGH,Synthetic/Simulation Data — For Academic Demonstration,568,474,489.7,81.14
6,Auditorium Plaza,AUD-01,AUDITORIUM,1000,2026-09-23T15:00:00+00:00,15,2,23,9,0,915,91.5,CRITICAL,Synthetic/Simulation Data — For Academic Demonstration,759,27,312.0,75.9
7,Food Court Square,CAN-01,CANTEEN,550,2026-09-23T15:00:00+00:00,15,2,23,9,0,32,5.82,LOW,Synthetic/Simulation Data — For Academic Demonstration,25,472,332.3,4.55
8,Sports Arena Entrance,SPT-01,SPORTS,450,2026-09-23T15:00:00+00:00,15,2,23,9,0,66,14.67,LOW,Synthetic/Simulation Data — For Academic Demonstration,64,54,59.3,14.22
9,Alpha Hostel Quad,HST-01,HOSTEL,500,2026-09-23T15:00:00+00:00,15,2,23,9,0,75,15.0,LOW,Synthetic/Simulation Data — For Academic Demonstration,144,115,133.3,28.8
10,Beta Hostel Quad,HST-02,HOSTEL,500,2026-09-23T15:00:00+00:00,15,2,23,9,0,97,19.4,LOW,Synthetic/Simulation Data — For Academic Demonstration,134,120,125.0,26.8
11,Research Park Hub,RES-01,LAB,350,2026-09-23T15:00:00+00:00,15,2,23,9,0,333,95.14,CRITICAL,Synthetic/Simulation Data — For Academic Demonstration,269,124,176.7,76.86
12,Health Center Entrance,MED-01,MEDICAL,150,2026-09-23T15:00:00+00:00,15,2,23,9,0,69,46.0,MEDIUM,Synthetic/Simulation Data — For Academic Demonstration,61,70,70.3,40.67
1,Admin Complex Hub,ADM-01,ADMIN,300,2026-09-23T16:00:00+00:00,16,2,23,9,0,178,59.33,MEDIUM,Synthetic/Simulation Data — For Academic Demonstration,172,186,186.7,57.33
2,CS & AI Complex Hub,CS-01,ACADEMIC,800,2026-09-23T16:00:00+00:00,16,2,23,9,0,710,88.75,HIGH,Synthetic/Simulation Data — For Academic Demonstration,709,566,509.3,88.62
3,Electrical Sciences Hub,EE-01,ACADEMIC,650,2026-09-23T16:00:00+00:00,16,2,23,9,0,582,89.54,HIGH,Synthetic/Simulation Data — For Academic Demonstration,580,507,433.3,89.23
4,Mechanical Quad Hub,ME-01,ACADEMIC,600,2026-09-23T16:00:00+00:00,16,2,23,9,0,562,93.67,CRITICAL,Synthetic/Simulation Data — For Academic Demonstration,548,454,416.3,91.33
5,Central Library Plaza,LIB-01,LIBRARY,700,2026-09-23T16:00:00+00:00,16,2,23,9,0,513,73.29,HIGH,Synthetic/Simulation Data — For Academic Demonstration,510,568,517.3,72.86
6,Auditorium Plaza,AUD-01,AUDITORIUM,1000,2026-09-23T16:00:00+00:00,16,2,23,9,0,885,88.5,HIGH,Synthetic/Simulation Data — For Academic Demonstration,915,759,567.0,91.5
7,Food Court Square,CAN-01,CANTEEN,550,2026-09-23T16:00:00+00:00,16,2,23,9,0,316,57.45,MEDIUM,Synthetic/Simulation Data — For Academic Demonstration,32,25,176.3,5.82
8,Sports Arena Entrance,SPT-01,SPORTS,450,2026-09-23T16:00:00+00:00,16,2,23,9,0,70,15.56,LOW,Synthetic/Simulation Data — For Academic Demonstration,66,64,61.3,14.67
9,Alpha Hostel Quad,HST-01,HOSTEL,500,2026-09-23T16:00:00+00:00,16,2,23,9,0,107,21.4,LOW,Synthetic/Simulation Data — For Academic Demonstration,75,144,111.3,15.0
10,Beta Hostel Quad,HST-02,HOSTEL,500,2026-09-23T16:00:00+00:00,16,2,23,9,0,68,13.6,LOW,Synthetic/Simulation Data — For Academic Demonstration,97,134,117.0,19.4
11,Research Park Hub,RES-01,LAB,350,2026-09-23T16:00:00+00:00,16,2,23,9,0,297,84.86,HIGH,Synthetic/Simulation Data — For Academic Demonstration,333,269,242.0,95.14
12,Health Center Entrance,MED-01,MEDICAL,150,2026-09-23T16:00:00+00:00,16,2,23,9,0,62,41.33,MEDIUM,Synthetic/Simulation Data — For Academic Demonstration,69,61,66.7,46.0
1,Admin Complex Hub,ADM-01,ADMIN,300,2026-09-23T17:00:00+00:00,17,2,23,9,0,163,54.33,MEDIUM,Synthetic/Simulation Data — For Academic Demonstration,178,172,178.7,59.33
2,CS & AI Complex Hub,CS-01,ACADEMIC,800,2026-09-23T17:00:00+00:00,17,2,23,9,0,223,27.88,LOW,Synthetic/Simulation Data — For Academic Demonstration,710,709,661.7,88.75
3,Electrical Sciences Hub,EE-01,ACADEMIC,650,2026-09-23T17:00:00+00:00,17,2,23,9,0,166,25.54,LOW,Synthetic/Simulation Data — For Academic Demonstration,582,580,556.3,89.54
4,Mechanical Quad Hub,ME-01,ACADEMIC,600,2026-09-23T17:00:00+00:00,17,2,23,9,0,154,25.67,LOW,Synthetic/Simulation Data — For Academic Demonstration,562,548,521.3,93.67
5,Central Library Plaza,LIB-01,LIBRARY,700,2026-09-23T17:00:00+00:00,17,2,23,9,0,491,70.14,HIGH,Synthetic/Simulation Data — For Academic Demonstration,513,510,530.3,73.29
6,Auditorium Plaza,AUD-01,AUDITORIUM,1000,2026-09-23T17:00:00+00:00,17,2,23,9,0,845,84.5,HIGH,Synthetic/Simulation Data — For Academic Demonstration,885,915,853.0,88.5
7,Food Court Square,CAN-01,CANTEEN,550,2026-09-23T17:00:00+00:00,17,2,23,9,0,345,62.73,MEDIUM,Synthetic/Simulation Data — For Academic Demonstration,316,32,124.3,57.45
8,Sports Arena Entrance,SPT-01,SPORTS,450,2026-09-23T17:00:00+00:00,17,2,23,9,0,327,72.67,HIGH,Synthetic/Simulation Data — For Academic Demonstration,70,66,66.7,15.56
9,Alpha Hostel Quad,HST-01,HOSTEL,500,2026-09-23T17:00:00+00:00,17,2,23,9,0,254,50.8,MEDIUM,Synthetic/Simulation Data — For Academic Demonstration,107,75,108.7,21.4
10,Beta Hostel Quad,HST-02,HOSTEL,500,2026-09-23T17:00:00+00:00,17,2,23,9,0,269,53.8,MEDIUM,Synthetic/Simulation Data — For Academic Demonstration,68,97,99.7,13.6
11,Research Park Hub,RES-01,LAB,350,2026-09-23T17:00:00+00:00,17,2,23,9,0,70,20.0,LOW,Synthetic/Simulation Data — For Academic Demonstration,297,333,299.7,84.86
12,Health Center Entrance,MED-01,MEDICAL,150,2026-09-23T17:00:00+00:00,17,2,23,9,0,48,32.0,LOW,Synthetic/Simulation Data — For Academic Demonstration,62,69,64.0,41.33
1,Admin Complex Hub,ADM-01,ADMIN,300,2026-09-23T18:00:00+00:00,18,2,23,9,0,14,4.67,LOW,Synthetic/Simulation Data — For Academic Demonstration,163,178,171.0,54.33
2,CS & AI Complex Hub,CS-01,ACADEMIC,800,2026-09-23T18:00:00+00:00,18,2,23,9,0,167,20.88,LOW,Synthetic/Simulation Data — For Academic Demonstration,223,710,547.3,27.88
3,Electrical Sciences Hub,EE-01,ACADEMIC,650,2026-09-23T18:00:00+00:00,18,2,23,9,0,157,24.15,LOW,Synthetic/Simulation Data — For Academic Demonstration,166,582,442.7,25.54
4,Mechanical Quad Hub,ME-01,ACADEMIC,600,2026-09-23T18:00:00+00:00,18,2,23,9,0,90,15.0,LOW,Synthetic/Simulation Data — For Academic Demonstration,154,562,421.3,25.67
5,Central Library Plaza,LIB-01,LIBRARY,700,2026-09-23T18:00:00+00:00,18,2,23,9,0,566,80.86,HIGH,Synthetic/Simulation Data — For Academic Demonstration,491,513,504.7,70.14
6,Auditorium Plaza,AUD-01,AUDITORIUM,1000,2026-09-23T18:00:00+00:00,18,2,23,9,0,62,6.2,LOW,Synthetic/Simulation Data — For Academic Demonstration,845,885,881.7,84.5
7,Food Court Square,CAN-01,CANTEEN,550,2026-09-23T18:00:00+00:00,18,2,23,9,0,11,2.0,LOW,Synthetic/Simulation Data — For Academic Demonstration,345,316,231.0,62.73
8,Sports Arena Entrance,SPT-01,SPORTS,450,2026-09-23T18:00:00+00:00,18,2,23,9,0,370,82.22,HIGH,Synthetic/Simulation Data — For Academic Demonstration,327,70,154.3,72.67
9,Alpha Hostel Quad,HST-01,HOSTEL,500,2026-09-23T18:00:00+00:00,18,2,23,9,0,301,60.2,MEDIUM,Synthetic/Simulation Data — For Academic Demonstration,254,107,145.3,50.8
10,Beta Hostel Quad,HST-02,HOSTEL,500,2026-09-23T18:00:00+00:00,18,2,23,9,0,338,67.6,MEDIUM,Synthetic/Simulation Data — For Academic Demonstration,269,68,144.7,53.8
11,Research Park Hub,RES-01,LAB,350,2026-09-23T18:00:00+00:00,18,2,23,9,0,76,21.71,LOW,Synthetic/Simulation Data — For Academic Demonstration,70,297,233.3,20.0
12,Health Center Entrance,MED-01,MEDICAL,150,2026-09-23T18:00:00+00:00,18,2,23,9,0,57,38.0,LOW,Synthetic/Simulation Data — For Academic Demonstration,48,62,59.7,32.0
1,Admin Complex Hub,ADM-01,ADMIN,300,2026-09-23T19:00:00+00:00,19,2,23,9,0,27,9.0,LOW,Synthetic/Simulation Data — For Academic Demonstration,14,163,118.3,4.67
2,CS & AI Complex Hub,CS-01,ACADEMIC,800,2026-09-23T19:00:00+00:00,19,2,23,9,0,102,12.75,LOW,Synthetic/Simulation Data — For Academic Demonstration,167,223,366.7,20.88
3,Electrical Sciences Hub,EE-01,ACADEMIC,650,2026-09-23T19:00:00+00:00,19,2,23,9,0,69,10.62,LOW,Synthetic/Simulation Data — For Academic Demonstration,157,166,301.7,24.15
4,Mechanical Quad Hub,ME-01,ACADEMIC,600,2026-09-23T19:00:00+00:00,19,2,23,9,0,72,12.0,LOW,Synthetic/Simulation Data — For Academic Demonstration,90,154,268.7,15.0
5,Central Library Plaza,LIB-01,LIBRARY,700,2026-09-23T19:00:00+00:00,19,2,23,9,0,624,89.14,HIGH,Synthetic/Simulation Data — For Academic Demonstration,566,491,523.3,80.86
6,Auditorium Plaza,AUD-01,AUDITORIUM,1000,2026-09-23T19:00:00+00:00,19,2,23,9,0,62,6.2,LOW,Synthetic/Simulation Data — For Academic Demonstration,62,845,597.3,6.2
7,Food Court Square,CAN-01,CANTEEN,550,2026-09-23T19:00:00+00:00,19,2,23,9,0,352,64.0,MEDIUM,Synthetic/Simulation Data — For Academic Demonstration,11,345,224.0,2.0
8,Sports Arena Entrance,SPT-01,SPORTS,450,2026-09-23T19:00:00+00:00,19,2,23,9,0,399,88.67,HIGH,Synthetic/Simulation Data — For Academic Demonstration,370,327,255.7,82.22
9,Alpha Hostel Quad,HST-01,HOSTEL,500,2026-09-23T19:00:00+00:00,19,2,23,9,0,339,67.8,MEDIUM,Synthetic/Simulation Data — For Academic Demonstration,301,254,220.7,60.2
10,Beta Hostel Quad,HST-02,HOSTEL,500,2026-09-23T19:00:00+00:00,19,2,23,9,0,324,64.8,MEDIUM,Synthetic/Simulation Data — For Academic Demonstration,338,269,225.0,67.6
11,Research Park Hub,RES-01,LAB,350,2026-09-23T19:00:00+00:00,19,2,23,9,0,73,20.86,LOW,Synthetic/Simulation Data — For Academic Demonstration,76,70,147.7,21.71
12,Health Center Entrance,MED-01,MEDICAL,150,2026-09-23T19:00:00+00:00,19,2,23,9,0,16,10.67,LOW,Synthetic/Simulation Data — For Academic Demonstration,57,48,55.7,38.0
1,Admin Complex Hub,ADM-01,ADMIN,300,2026-09-23T20:00:00+00:00,20,2,23,9,0,19,6.33,LOW,Synthetic/Simulation Data — For Academic Demonstration,27,14,68.0,9.0
2,CS & AI Complex Hub,CS-01,ACADEMIC,800,2026-09-23T20:00:00+00:00,20,2,23,9,0,16,2.0,LOW,Synthetic/Simulation Data — For Academic Demonstration,102,167,164.0,12.75
3,Electrical Sciences Hub,EE-01,ACADEMIC,650,2026-09-23T20:00:00+00:00,20,2,23,9,0,40,6.15,LOW,Synthetic/Simulation Data — For Academic Demonstration,69,157,130.7,10.62
4,Mechanical Quad Hub,ME-01,ACADEMIC,600,2026-09-23T20:00:00+00:00,20,2,23,9,0,60,10.0,LOW,Synthetic/Simulation Data — For Academic Demonstration,72,90,105.3,12.0
5,Central Library Plaza,LIB-01,LIBRARY,700,2026-09-23T20:00:00+00:00,20,2,23,9,0,603,86.14,HIGH,Synthetic/Simulation Data — For Academic Demonstration,624,566,560.3,89.14
6,Auditorium Plaza,AUD-01,AUDITORIUM,1000,2026-09-23T20:00:00+00:00,20,2,23,9,0,23,2.3,LOW,Synthetic/Simulation Data — For Academic Demonstration,62,62,323.0,6.2
7,Food Court Square,CAN-01,CANTEEN,550,2026-09-23T20:00:00+00:00,20,2,23,9,0,425,77.27,HIGH,Synthetic/Simulation Data — For Academic Demonstration,352,11,236.0,64.0
8,Sports Arena Entrance,SPT-01,SPORTS,450,2026-09-23T20:00:00+00:00,20,2,23,9,0,391,86.89,HIGH,Synthetic/Simulation Data — For Academic Demonstration,399,370,365.3,88.67
9,Alpha Hostel Quad,HST-01,HOSTEL,500,2026-09-23T20:00:00+00:00,20,2,23,9,0,330,66.0,MEDIUM,Synthetic/Simulation Data — For Academic Demonstration,339,301,298.0,67.8
10,Beta Hostel Quad,HST-02,HOSTEL,500,2026-09-23T20:00:00+00:00,20,2,23,9,0,348,69.6,MEDIUM,Synthetic/Simulation Data — For Academic Demonstration,324,338,310.3,64.8
11,Research Park Hub,RES-01,LAB,350,2026-09-23T20:00:00+00:00,20,2,23,9,0,10,2.86,LOW,Synthetic/Simulation Data — For Academic Demonstration,73,76,73.0,20.86
12,Health Center Entrance,MED-01,MEDICAL,150,2026-09-23T20:00:00+00:00,20,2,23,9,0,22,14.67,LOW,Synthetic/Simulation Data — For Academic Demonstration,16,57,40.3,10.67
1,Admin Complex Hub,ADM-01,ADMIN,300,2026-09-23T21:00:00+00:00,21,2,23,9,0,7,2.33,LOW,Synthetic/Simulation Data — For Academic Demonstration,19,27,20.0,6.33
2,CS & AI Complex Hub,CS-01,ACADEMIC,800,2026-09-23T21:00:00+00:00,21,2,23,9,0,16,2.0,LOW,Synthetic/Simulation Data — For Academic Demonstration,16,102,95.0,2.0
3,Electrical Sciences Hub,EE-01,ACADEMIC,650,2026-09-23T21:00:00+00:00,21,2,23,9,0,21,3.23,LOW,Synthetic/Simulation Data — For Academic Demonstration,40,69,88.7,6.15
4,Mechanical Quad Hub,ME-01,ACADEMIC,600,2026-09-23T21:00:00+00:00,21,2,23,9,0,45,7.5,LOW,Synthetic/Simulation Data — For Academic Demonstration,60,72,74.0,10.0
5,Central Library Plaza,LIB-01,LIBRARY,700,2026-09-23T21:00:00+00:00,21,2,23,9,0,585,83.57,HIGH,Synthetic/Simulation Data — For Academic Demonstration,603,624,597.7,86.14
6,Auditorium Plaza,AUD-01,AUDITORIUM,1000,2026-09-23T21:00:00+00:00,21,2,23,9,0,51,5.1,LOW,Synthetic/Simulation Data — For Academic Demonstration,23,62,49.0,2.3
7,Food Court Square,CAN-01,CANTEEN,550,2026-09-23T21:00:00+00:00,21,2,23,9,0,446,81.09,HIGH,Synthetic/Simulation Data — For Academic Demonstration,425,352,262.7,77.27
8,Sports Arena Entrance,SPT-01,SPORTS,450,2026-09-23T21:00:00+00:00,21,2,23,9,0,30,6.67,LOW,Synthetic/Simulation Data — For Academic Demonstration,391,399,386.7,86.89
9,Alpha Hostel Quad,HST-01,HOSTEL,500,2026-09-23T21:00:00+00:00,21,2,23,9,0,433,86.6,HIGH,Synthetic/Simulation Data — For Academic Demonstration,330,339,323.3,66.0
10,Beta Hostel Quad,HST-02,HOSTEL,500,2026-09-23T21:00:00+00:00,21,2,23,9,0,439,87.8,HIGH,Synthetic/Simulation Data — For Academic Demonstration,348,324,336.7,69.6
11,Research Park Hub,RES-01,LAB,350,2026-09-23T21:00:00+00:00,21,2,23,9,0,38,10.86,LOW,Synthetic/Simulation Data — For Academic Demonstration,10,73,53.0,2.86
12,Health Center Entrance,MED-01,MEDICAL,150,2026-09-23T21:00:00+00:00,21,2,23,9,0,8,5.33,LOW,Synthetic/Simulation Data — For Academic Demonstration,22,16,31.7,14.67
1,Admin Complex Hub,ADM-01,ADMIN,300,2026-09-23T22:00:00+00:00,22,2,23,9,0,19,6.33,LOW,Synthetic/Simulation Data — For Academic Demonstration,7,19,17.7,2.33
2,CS & AI Complex Hub,CS-01,ACADEMIC,800,2026-09-23T22:00:00+00:00,22,2,23,9,0,18,2.25,LOW,Synthetic/Simulation Data — For Academic Demonstration,16,16,44.7,2.0
3,Electrical Sciences Hub,EE-01,ACADEMIC,650,2026-09-23T22:00:00+00:00,22,2,23,9,0,20,3.08,LOW,Synthetic/Simulation Data — For Academic Demonstration,21,40,43.3,3.23
4,Mechanical Quad Hub,ME-01,ACADEMIC,600,2026-09-23T22:00:00+00:00,22,2,23,9,0,14,2.33,LOW,Synthetic/Simulation Data — For Academic Demonstration,45,60,59.0,7.5
5,Central Library Plaza,LIB-01,LIBRARY,700,2026-09-23T22:00:00+00:00,22,2,23,9,0,63,9.0,LOW,Synthetic/Simulation Data — For Academic Demonstration,585,603,604.0,83.57
6,Auditorium Plaza,AUD-01,AUDITORIUM,1000,2026-09-23T22:00:00+00:00,22,2,23,9,0,20,2.0,LOW,Synthetic/Simulation Data — For Academic Demonstration,51,23,45.3,5.1
7,Food Court Square,CAN-01,CANTEEN,550,2026-09-23T22:00:00+00:00,22,2,23,9,0,15,2.73,LOW,Synthetic/Simulation Data — For Academic Demonstration,446,425,407.7,81.09
8,Sports Arena Entrance,SPT-01,SPORTS,450,2026-09-23T22:00:00+00:00,22,2,23,9,0,52,11.56,LOW,Synthetic/Simulation Data — For Academic Demonstration,30,391,273.3,6.67
9,Alpha Hostel Quad,HST-01,HOSTEL,500,2026-09-23T22:00:00+00:00,22,2,23,9,0,475,95.0,CRITICAL,Synthetic/Simulation Data — For Academic Demonstration,433,330,367.3,86.6
10,Beta Hostel Quad,HST-02,HOSTEL,500,2026-09-23T22:00:00+00:00,22,2,23,9,0,458,91.6,CRITICAL,Synthetic/Simulation Data — For Academic Demonstration,439,348,370.3,87.8
11,Research Park Hub,RES-01,LAB,350,2026-09-23T22:00:00+00:00,22,2,23,9,0,15,4.29,LOW,Synthetic/Simulation Data — For Academic Demonstration,38,10,40.3,10.86
12,Health Center Entrance,MED-01,MEDICAL,150,2026-09-23T22:00:00+00:00,22,2,23,9,0,5,3.33,LOW,Synthetic/Simulation Data — For Academic Demonstration,8,22,15.3,5.33
1,Admin Complex Hub,ADM-01,ADMIN,300,2026-09-23T23:00:00+00:00,23,2,23,9,0,33,11.0,LOW,Synthetic/Simulation Data — For Academic Demonstration,19,7,15.0,6.33
2,CS & AI Complex Hub,CS-01,ACADEMIC,800,2026-09-23T23:00:00+00:00,23,2,23,9,0,59,7.38,LOW,Synthetic/Simulation Data — For Academic Demonstration,18,16,16.7,2.25
3,Electrical Sciences Hub,EE-01,ACADEMIC,650,2026-09-23T23:00:00+00:00,23,2,23,9,0,55,8.46,LOW,Synthetic/Simulation Data — For Academic Demonstration,20,21,27.0,3.08
4,Mechanical Quad Hub,ME-01,ACADEMIC,600,2026-09-23T23:00:00+00:00,23,2,23,9,0,16,2.67,LOW,Synthetic/Simulation Data — For Academic Demonstration,14,45,39.7,2.33
5,Central Library Plaza,LIB-01,LIBRARY,700,2026-09-23T23:00:00+00:00,23,2,23,9,0,19,2.71,LOW,Synthetic/Simulation Data — For Academic Demonstration,63,585,417.0,9.0
6,Auditorium Plaza,AUD-01,AUDITORIUM,1000,2026-09-23T23:00:00+00:00,23,2,23,9,0,67,6.7,LOW,Synthetic/Simulation Data — For Academic Demonstration,20,51,31.3,2.0
7,Food Court Square,CAN-01,CANTEEN,550,2026-09-23T23:00:00+00:00,23,2,23,9,0,11,2.0,LOW,Synthetic/Simulation Data — For Academic Demonstration,15,446,295.3,2.73
8,Sports Arena Entrance,SPT-01,SPORTS,450,2026-09-23T23:00:00+00:00,23,2,23,9,0,38,8.44,LOW,Synthetic/Simulation Data — For Academic Demonstration,52,30,157.7,11.56
9,Alpha Hostel Quad,HST-01,HOSTEL,500,2026-09-23T23:00:00+00:00,23,2,23,9,0,462,92.4,CRITICAL,Synthetic/Simulation Data — For Academic Demonstration,475,433,412.7,95.0
10,Beta Hostel Quad,HST-02,HOSTEL,500,2026-09-23T23:00:00+00:00,23,2,23,9,0,501,100.2,CRITICAL,Synthetic/Simulation Data — For Academic Demonstration,458,439,415.0,91.6
11,Research Park Hub,RES-01,LAB,350,2026-09-23T23:00:00+00:00,23,2,23,9,0,7,2.0,LOW,Synthetic/Simulation Data — For Academic Demonstration,15,38,21.0,4.29
12,Health Center Entrance,MED-01,MEDICAL,150,2026-09-23T23:00:00+00:00,23,2,23,9,0,13,8.67,LOW,Synthetic/Simulation Data — For Academic Demonstration,5,8,11.7,3.33
1,Admin Complex Hub,ADM-01,ADMIN,300,2026-09-24T00:00:00+00:00,0,3,24,9,0,15,5.0,LOW,Synthetic/Simulation Data — For Academic Demonstration,33,19,19.7,11.0
2,CS & AI Complex Hub,CS-01,ACADEMIC,800,2026-09-24T00:00:00+00:00,0,3,24,9,0,39,4.88,LOW,Synthetic/Simulation Data — For Academic Demonstration,59,18,31.0,7.38
3,Electrical Sciences Hub,EE-01,ACADEMIC,650,2026-09-24T00:00:00+00:00,0,3,24,9,0,47,7.23,LOW,Synthetic/Simulation Data — For Academic Demonstration,55,20,32.0,8.46
4,Mechanical Quad Hub,ME-01,ACADEMIC,600,2026-09-24T00:00:00+00:00,0,3,24,9,0,12,2.0,LOW,Synthetic/Simulation Data — For Academic Demonstration,16,14,25.0,2.67
5,Central Library Plaza,LIB-01,LIBRARY,700,2026-09-24T00:00:00+00:00,0,3,24,9,0,58,8.29,LOW,Synthetic/Simulation Data — For Academic Demonstration,19,63,222.3,2.71
6,Auditorium Plaza,AUD-01,AUDITORIUM,1000,2026-09-24T00:00:00+00:00,0,3,24,9,0,75,7.5,LOW,Synthetic/Simulation Data — For Academic Demonstration,67,20,46.0,6.7
7,Food Court Square,CAN-01,CANTEEN,550,2026-09-24T00:00:00+00:00,0,3,24,9,0,19,3.45,LOW,Synthetic/Simulation Data — For Academic Demonstration,11,15,157.3,2.0
8,Sports Arena Entrance,SPT-01,SPORTS,450,2026-09-24T00:00:00+00:00,0,3,24,9,0,46,10.22,LOW,Synthetic/Simulation Data — For Academic Demonstration,38,52,40.0,8.44
9,Alpha Hostel Quad,HST-01,HOSTEL,500,2026-09-24T00:00:00+00:00,0,3,24,9,0,480,96.0,CRITICAL,Synthetic/Simulation Data — For Academic Demonstration,462,475,456.7,92.4
10,Beta Hostel Quad,HST-02,HOSTEL,500,2026-09-24T00:00:00+00:00,0,3,24,9,0,477,95.4,CRITICAL,Synthetic/Simulation Data — For Academic Demonstration,501,458,466.0,100.2
11,Research Park Hub,RES-01,LAB,350,2026-09-24T00:00:00+00:00,0,3,24,9,0,7,2.0,LOW,Synthetic/Simulation Data — For Academic Demonstration,7,15,20.0,2.0
12,Health Center Entrance,MED-01,MEDICAL,150,2026-09-24T00:00:00+00:00,0,3,24,9,0,14,9.33,LOW,Synthetic/Simulation Data — For Academic Demonstration,13,5,8.7,8.67
1,Admin Complex Hub,ADM-01,ADMIN,300,2026-09-24T01:00:00+00:00,1,3,24,9,0,34,11.33,LOW,Synthetic/Simulation Data — For Academic Demonstration,15,33,22.3,5.0
2,CS & AI Complex Hub,CS-01,ACADEMIC,800,2026-09-24T01:00:00+00:00,1,3,24,9,0,16,2.0,LOW,Synthetic/Simulation Data — For Academic Demonstration,39,59,38.7,4.88
3,Electrical Sciences Hub,EE-01,ACADEMIC,650,2026-09-24T01:00:00+00:00,1,3,24,9,0,47,7.23,LOW,Synthetic/Simulation Data — For Academic Demonstration,47,55,40.7,7.23
4,Mechanical Quad Hub,ME-01,ACADEMIC,600,2026-09-24T01:00:00+00:00,1,3,24,9,0,59,9.83,LOW,Synthetic/Simulation Data — For Academic Demonstration,12,16,14.0,2.0
5,Central Library Plaza,LIB-01,LIBRARY,700,2026-09-24T01:00:00+00:00,1,3,24,9,0,14,2.0,LOW,Synthetic/Simulation Data — For Academic Demonstration,58,19,46.7,8.29
6,Auditorium Plaza,AUD-01,AUDITORIUM,1000,2026-09-24T01:00:00+00:00,1,3,24,9,0,94,9.4,LOW,Synthetic/Simulation Data — For Academic Demonstration,75,67,54.0,7.5
7,Food Court Square,CAN-01,CANTEEN,550,2026-09-24T01:00:00+00:00,1,3,24,9,0,24,4.36,LOW,Synthetic/Simulation Data — For Academic Demonstration,19,11,15.0,3.45
8,Sports Arena Entrance,SPT-01,SPORTS,450,2026-09-24T01:00:00+00:00,1,3,24,9,0,68,15.11,LOW,Synthetic/Simulation Data — For Academic Demonstration,46,38,45.3,10.22
9,Alpha Hostel Quad,HST-01,HOSTEL,500,2026-09-24T01:00:00+00:00,1,3,24,9,0,521,104.2,CRITICAL,Synthetic/Simulation Data — For Academic Demonstration,480,462,472.3,96.0
10,Beta Hostel Quad,HST-02,HOSTEL,500,2026-09-24T01:00:00+00:00,1,3,24,9,0,481,96.2,CRITICAL,Synthetic/Simulation Data — For Academic Demonstration,477,501,478.7,95.4
11,Research Park Hub,RES-01,LAB,350,2026-09-24T01:00:00+00:00,1,3,24,9,0,23,6.57,LOW,Synthetic/Simulation Data — For Academic Demonstration,7,7,9.7,2.0
12,Health Center Entrance,MED-01,MEDICAL,150,2026-09-24T01:00:00+00:00,1,3,24,9,0,21,14.0,LOW,Synthetic/Simulation Data — For Academic Demonstration,14,13,10.7,9.33
1,Admin Complex Hub,ADM-01,ADMIN,300,2026-09-24T02:00:00+00:00,2,3,24,9,0,6,2.0,LOW,Synthetic/Simulation Data — For Academic Demonstration,34,15,27.3,11.33
2,CS & AI Complex Hub,CS-01,ACADEMIC,800,2026-09-24T02:00:00+00:00,2,3,24,9,0,38,4.75,LOW,Synthetic/Simulation Data — For Academic Demonstration,16,39,38.0,2.0
3,Electrical Sciences Hub,EE-01,ACADEMIC,650,2026-09-24T02:00:00+00:00,2,3,24,9,0,60,9.23,LOW,Synthetic/Simulation Data — For Academic Demonstration,47,47,49.7,7.23
4,Mechanical Quad Hub,ME-01,ACADEMIC,600,2026-09-24T02:00:00+00:00,2,3,24,9,0,45,7.5,LOW,Synthetic/Simulation Data — For Academic Demonstration,59,12,29.0,9.83
5,Central Library Plaza,LIB-01,LIBRARY,700,2026-09-24T02:00:00+00:00,2,3,24,9,0,50,7.14,LOW,Synthetic/Simulation Data — For Academic Demonstration,14,58,30.3,2.0
6,Auditorium Plaza,AUD-01,AUDITORIUM,1000,2026-09-24T02:00:00+00:00,2,3,24,9,0,198,19.8,LOW,Synthetic/Simulation Data — For Academic Demonstration,94,75,78.7,9.4
7,Food Court Square,CAN-01,CANTEEN,550,2026-09-24T02:00:00+00:00,2,3,24,9,0,23,4.18,LOW,Synthetic/Simulation Data — For Academic Demonstration,24,19,18.0,4.36
8,Sports Arena Entrance,SPT-01,SPORTS,450,2026-09-24T02:00:00+00:00,2,3,24,9,0,48,10.67,LOW,Synthetic/Simulation Data — For Academic Demonstration,68,46,50.7,15.11
9,Alpha Hostel Quad,HST-01,HOSTEL,500,2026-09-24T02:00:00+00:00,2,3,24,9,0,508,101.6,CRITICAL,Synthetic/Simulation Data — For Academic Demonstration,521,480,487.7,104.2
10,Beta Hostel Quad,HST-02,HOSTEL,500,2026-09-24T02:00:00+00:00,2,3,24,9,0,470,94.0,CRITICAL,Synthetic/Simulation Data — For Academic Demonstration,481,477,486.3,96.2
11,Research Park Hub,RES-01,LAB,350,2026-09-24T02:00:00+00:00,2,3,24,9,0,7,2.0,LOW,Synthetic/Simulation Data — For Academic Demonstration,23,7,12.3,6.57
12,Health Center Entrance,MED-01,MEDICAL,150,2026-09-24T02:00:00+00:00,2,3,24,9,0,23,15.33,LOW,Synthetic/Simulation Data — For Academic Demonstration,21,14,16.0,14.0
1,Admin Complex Hub,ADM-01,ADMIN,300,2026-09-24T03:00:00+00:00,3,3,24,9,0,25,8.33,LOW,Synthetic/Simulation Data — For Academic Demonstration,6,34,18.3,2.0
2,CS & AI Complex Hub,CS-01,ACADEMIC,800,2026-09-24T03:00:00+00:00,3,3,24,9,0,44,5.5,LOW,Synthetic/Simulation Data — For Academic Demonstration,38,16,31.0,4.75
3,Electrical Sciences Hub,EE-01,ACADEMIC,650,2026-09-24T03:00:00+00:00,3,3,24,9,0,27,4.15,LOW,Synthetic/Simulation Data — For Academic Demonstration,60,47,51.3,9.23
4,Mechanical Quad Hub,ME-01,ACADEMIC,600,2026-09-24T03:00:00+00:00,3,3,24,9,0,21,3.5,LOW,Synthetic/Simulation Data — For Academic Demonstration,45,59,38.7,7.5
5,Central Library Plaza,LIB-01,LIBRARY,700,2026-09-24T03:00:00+00:00,3,3,24,9,0,75,10.71,LOW,Synthetic/Simulation Data — For Academic Demonstration,50,14,40.7,7.14
6,Auditorium Plaza,AUD-01,AUDITORIUM,1000,2026-09-24T03:00:00+00:00,3,3,24,9,0,58,5.8,LOW,Synthetic/Simulation Data — For Academic Demonstration,198,94,122.3,19.8
7,Food Court Square,CAN-01,CANTEEN,550,2026-09-24T03:00:00+00:00,3,3,24,9,0,35,6.36,LOW,Synthetic/Simulation Data — For Academic Demonstration,23,24,22.0,4.18
8,Sports Arena Entrance,SPT-01,SPORTS,450,2026-09-24T03:00:00+00:00,3,3,24,9,0,46,10.22,LOW,Synthetic/Simulation Data — For Academic Demonstration,48,68,54.0,10.67
9,Alpha Hostel Quad,HST-01,HOSTEL,500,2026-09-24T03:00:00+00:00,3,3,24,9,0,474,94.8,CRITICAL,Synthetic/Simulation Data — For Academic Demonstration,508,521,503.0,101.6
10,Beta Hostel Quad,HST-02,HOSTEL,500,2026-09-24T03:00:00+00:00,3,3,24,9,0,465,93.0,CRITICAL,Synthetic/Simulation Data — For Academic Demonstration,470,481,476.0,94.0
11,Research Park Hub,RES-01,LAB,350,2026-09-24T03:00:00+00:00,3,3,24,9,0,15,4.29,LOW,Synthetic/Simulation Data — For Academic Demonstration,7,23,12.3,2.0
12,Health Center Entrance,MED-01,MEDICAL,150,2026-09-24T03:00:00+00:00,3,3,24,9,0,22,14.67,LOW,Synthetic/Simulation Data — For Academic Demonstration,23,21,19.3,15.33
1,Admin Complex Hub,ADM-01,ADMIN,300,2026-09-24T04:00:00+00:00,4,3,24,9,0,16,5.33,LOW,Synthetic/Simulation Data — For Academic Demonstration,25,6,21.7,8.33
2,CS & AI Complex Hub,CS-01,ACADEMIC,800,2026-09-24T04:00:00+00:00,4,3,24,9,0,16,2.0,LOW,Synthetic/Simulation Data — For Academic Demonstration,44,38,32.7,5.5
3,Electrical Sciences Hub,EE-01,ACADEMIC,650,2026-09-24T04:00:00+00:00,4,3,24,9,0,44,6.77,LOW,Synthetic/Simulation Data — For Academic Demonstration,27,60,44.7,4.15
4,Mechanical Quad Hub,ME-01,ACADEMIC,600,2026-09-24T04:00:00+00:00,4,3,24,9,0,29,4.83,LOW,Synthetic/Simulation Data — For Academic Demonstration,21,45,41.7,3.5
5,Central Library Plaza,LIB-01,LIBRARY,700,2026-09-24T04:00:00+00:00,4,3,24,9,0,14,2.0,LOW,Synthetic/Simulation Data — For Academic Demonstration,75,50,46.3,10.71
6,Auditorium Plaza,AUD-01,AUDITORIUM,1000,2026-09-24T04:00:00+00:00,4,3,24,9,0,164,16.4,LOW,Synthetic/Simulation Data — For Academic Demonstration,58,198,116.7,5.8
7,Food Court Square,CAN-01,CANTEEN,550,2026-09-24T04:00:00+00:00,4,3,24,9,0,29,5.27,LOW,Synthetic/Simulation Data — For Academic Demonstration,35,23,27.3,6.36
8,Sports Arena Entrance,SPT-01,SPORTS,450,2026-09-24T04:00:00+00:00,4,3,24,9,0,21,4.67,LOW,Synthetic/Simulation Data — For Academic Demonstration,46,48,54.0,10.22
9,Alpha Hostel Quad,HST-01,HOSTEL,500,2026-09-24T04:00:00+00:00,4,3,24,9,0,455,91.0,CRITICAL,Synthetic/Simulation Data — For Academic Demonstration,474,508,501.0,94.8
10,Beta Hostel Quad,HST-02,HOSTEL,500,2026-09-24T04:00:00+00:00,4,3,24,9,0,433,86.6,HIGH,Synthetic/Simulation Data — For Academic Demonstration,465,470,472.0,93.0
11,Research Park Hub,RES-01,LAB,350,2026-09-24T04:00:00+00:00,4,3,24,9,0,36,10.29,LOW,Synthetic/Simulation Data — For Academic Demonstration,15,7,15.0,4.29
12,Health Center Entrance,MED-01,MEDICAL,150,2026-09-24T04:00:00+00:00,4,3,24,9,0,17,11.33,LOW,Synthetic/Simulation Data — For Academic Demonstration,22,23,22.0,14.67
1,Admin Complex Hub,ADM-01,ADMIN,300,2026-09-24T05:00:00+00:00,5,3,24,9,0,11,3.67,LOW,Synthetic/Simulation Data — For Academic Demonstration,16,25,15.7,5.33
2,CS & AI Complex Hub,CS-01,ACADEMIC,800,2026-09-24T05:00:00+00:00,5,3,24,9,0,37,4.62,LOW,Synthetic/Simulation Data — For Academic Demonstration,16,44,32.7,2.0
3,Electrical Sciences Hub,EE-01,ACADEMIC,650,2026-09-24T05:00:00+00:00,5,3,24,9,0,18,2.77,LOW,Synthetic/Simulation Data — For Academic Demonstration,44,27,43.7,6.77
4,Mechanical Quad Hub,ME-01,ACADEMIC,600,2026-09-24T05:00:00+00:00,5,3,24,9,0,12,2.0,LOW,Synthetic/Simulation Data — For Academic Demonstration,29,21,31.7,4.83
5,Central Library Plaza,LIB-01,LIBRARY,700,2026-09-24T05:00:00+00:00,5,3,24,9,0,14,2.0,LOW,Synthetic/Simulation Data — For Academic Demonstration,14,75,46.3,2.0
6,Auditorium Plaza,AUD-01,AUDITORIUM,1000,2026-09-24T05:00:00+00:00,5,3,24,9,0,20,2.0,LOW,Synthetic/Simulation Data — For Academic Demonstration,164,58,140.0,16.4
7,Food Court Square,CAN-01,CANTEEN,550,2026-09-24T05:00:00+00:00,5,3,24,9,0,21,3.82,LOW,Synthetic/Simulation Data — For Academic Demonstration,29,35,29.0,5.27
8,Sports Arena Entrance,SPT-01,SPORTS,450,2026-09-24T05:00:00+00:00,5,3,24,9,0,58,12.89,LOW,Synthetic/Simulation Data — For Academic Demonstration,21,46,38.3,4.67
9,Alpha Hostel Quad,HST-01,HOSTEL,500,2026-09-24T05:00:00+00:00,5,3,24,9,0,445,89.0,HIGH,Synthetic/Simulation Data — For Academic Demonstration,455,474,479.0,91.0
10,Beta Hostel Quad,HST-02,HOSTEL,500,2026-09-24T05:00:00+00:00,5,3,24,9,0,414,82.8,HIGH,Synthetic/Simulation Data — For Academic Demonstration,433,465,456.0,86.6
11,Research Park Hub,RES-01,LAB,350,2026-09-24T05:00:00+00:00,5,3,24,9,0,10,2.86,LOW,Synthetic/Simulation Data — For Academic Demonstration,36,15,19.3,10.29
12,Health Center Entrance,MED-01,MEDICAL,150,2026-09-24T05:00:00+00:00,5,3,24,9,0,20,13.33,LOW,Synthetic/Simulation Data — For Academic Demonstration,17,22,20.7,11.33
1,Admin Complex Hub,ADM-01,ADMIN,300,2026-09-24T06:00:00+00:00,6,3,24,9,0,16,5.33,LOW,Synthetic/Simulation Data — For Academic Demonstration,11,16,17.3,3.67
2,CS & AI Complex Hub,CS-01,ACADEMIC,800,2026-09-24T06:00:00+00:00,6,3,24,9,0,34,4.25,LOW,Synthetic/Simulation Data — For Academic Demonstration,37,16,32.3,4.62
3,Electrical Sciences Hub,EE-01,ACADEMIC,650,2026-09-24T06:00:00+00:00,6,3,24,9,0,34,5.23,LOW,Synthetic/Simulation Data — For Academic Demonstration,18,44,29.7,2.77
4,Mechanical Quad Hub,ME-01,ACADEMIC,600,2026-09-24T06:00:00+00:00,6,3,24,9,0,12,2.0,LOW,Synthetic/Simulation Data — For Academic Demonstration,12,29,20.7,2.0
5,Central Library Plaza,LIB-01,LIBRARY,700,2026-09-24T06:00:00+00:00,6,3,24,9,0,51,7.29,LOW,Synthetic/Simulation Data — For Academic Demonstration,14,14,34.3,2.0
6,Auditorium Plaza,AUD-01,AUDITORIUM,1000,2026-09-24T06:00:00+00:00,6,3,24,9,0,34,3.4,LOW,Synthetic/Simulation Data — For Academic Demonstration,20,164,80.7,2.0
7,Food Court Square,CAN-01,CANTEEN,550,2026-09-24T06:00:00+00:00,6,3,24,9,0,11,2.0,LOW,Synthetic/Simulation Data — For Academic Demonstration,21,29,28.3,3.82
8,Sports Arena Entrance,SPT-01,SPORTS,450,2026-09-24T06:00:00+00:00,6,3,24,9,0,279,62.0,MEDIUM,Synthetic/Simulation Data — For Academic Demonstration,58,21,41.7,12.89
9,Alpha Hostel Quad,HST-01,HOSTEL,500,2026-09-24T06:00:00+00:00,6,3,24,9,0,443,88.6,HIGH,Synthetic/Simulation Data — For Academic Demonstration,445,455,458.0,89.0
10,Beta Hostel Quad,HST-02,HOSTEL,500,2026-09-24T06:00:00+00:00,6,3,24,9,0,463,92.6,CRITICAL,Synthetic/Simulation Data — For Academic Demonstration,414,433,437.3,82.8
11,Research Park Hub,RES-01,LAB,350,2026-09-24T06:00:00+00:00,6,3,24,9,0,32,9.14,LOW,Synthetic/Simulation Data — For Academic Demonstration,10,36,20.3,2.86
12,Health Center Entrance,MED-01,MEDICAL,150,2026-09-24T06:00:00+00:00,6,3,24,9,0,11,7.33,LOW,Synthetic/Simulation Data — For Academic Demonstration,20,17,19.7,13.33
1,Admin Complex Hub,ADM-01,ADMIN,300,2026-09-24T07:00:00+00:00,7,3,24,9,0,6,2.0,LOW,Synthetic/Simulation Data — For Academic Demonstration,16,11,14.3,5.33
2,CS & AI Complex Hub,CS-01,ACADEMIC,800,2026-09-24T07:00:00+00:00,7,3,24,9,0,16,2.0,LOW,Synthetic/Simulation Data — For Academic Demonstration,34,37,29.0,4.25
3,Electrical Sciences Hub,EE-01,ACADEMIC,650,2026-09-24T07:00:00+00:00,7,3,24,9,0,23,3.54,LOW,Synthetic/Simulation Data — For Academic Demonstration,34,18,32.0,5.23
4,Mechanical Quad Hub,ME-01,ACADEMIC,600,2026-09-24T07:00:00+00:00,7,3,24,9,0,56,9.33,LOW,Synthetic/Simulation Data — For Academic Demonstration,12,12,17.7,2.0
5,Central Library Plaza,LIB-01,LIBRARY,700,2026-09-24T07:00:00+00:00,7,3,24,9,0,29,4.14,LOW,Synthetic/Simulation Data — For Academic Demonstration,51,14,26.3,7.29
6,Auditorium Plaza,AUD-01,AUDITORIUM,1000,2026-09-24T07:00:00+00:00,7,3,24,9,0,70,7.0,LOW,Synthetic/Simulation Data — For Academic Demonstration,34,20,72.7,3.4
7,Food Court Square,CAN-01,CANTEEN,550,2026-09-24T07:00:00+00:00,7,3,24,9,0,211,38.36,LOW,Synthetic/Simulation Data — For Academic Demonstration,11,21,20.3,2.0
8,Sports Arena Entrance,SPT-01,SPORTS,450,2026-09-24T07:00:00+00:00,7,3,24,9,0,274,60.89,MEDIUM,Synthetic/Simulation Data — For Academic Demonstration,279,58,119.3,62.0
9,Alpha Hostel Quad,HST-01,HOSTEL,500,2026-09-24T07:00:00+00:00,7,3,24,9,0,399,79.8,HIGH,Synthetic/Simulation Data — For Academic Demonstration,443,445,447.7,88.6
10,Beta Hostel Quad,HST-02,HOSTEL,500,2026-09-24T07:00:00+00:00,7,3,24,9,0,403,80.6,HIGH,Synthetic/Simulation Data — For Academic Demonstration,463,414,436.7,92.6
11,Research Park Hub,RES-01,LAB,350,2026-09-24T07:00:00+00:00,7,3,24,9,0,7,2.0,LOW,Synthetic/Simulation Data — For Academic Demonstration,32,10,26.0,9.14
12,Health Center Entrance,MED-01,MEDICAL,150,2026-09-24T07:00:00+00:00,7,3,24,9,0,16,10.67,LOW,Synthetic/Simulation Data — For Academic Demonstration,11,20,16.0,7.33
1,Admin Complex Hub,ADM-01,ADMIN,300,2026-09-24T08:00:00+00:00,8,3,24,9,0,12,4.0,LOW,Synthetic/Simulation Data — For Academic Demonstration,6,16,11.0,2.0
2,CS & AI Complex Hub,CS-01,ACADEMIC,800,2026-09-24T08:00:00+00:00,8,3,24,9,0,571,71.38,HIGH,Synthetic/Simulation Data — For Academic Demonstration,16,34,29.0,2.0
3,Electrical Sciences Hub,EE-01,ACADEMIC,650,2026-09-24T08:00:00+00:00,8,3,24,9,0,458,70.46,HIGH,Synthetic/Simulation Data — For Academic Demonstration,23,34,25.0,3.54
4,Mechanical Quad Hub,ME-01,ACADEMIC,600,2026-09-24T08:00:00+00:00,8,3,24,9,0,444,74.0,HIGH,Synthetic/Simulation Data — For Academic Demonstration,56,12,26.7,9.33
5,Central Library Plaza,LIB-01,LIBRARY,700,2026-09-24T08:00:00+00:00,8,3,24,9,0,255,36.43,LOW,Synthetic/Simulation Data — For Academic Demonstration,29,51,31.3,4.14
6,Auditorium Plaza,AUD-01,AUDITORIUM,1000,2026-09-24T08:00:00+00:00,8,3,24,9,0,73,7.3,LOW,Synthetic/Simulation Data — For Academic Demonstration,70,34,41.3,7.0
7,Food Court Square,CAN-01,CANTEEN,550,2026-09-24T08:00:00+00:00,8,3,24,9,0,339,61.64,MEDIUM,Synthetic/Simulation Data — For Academic Demonstration,211,11,81.0,38.36
8,Sports Arena Entrance,SPT-01,SPORTS,450,2026-09-24T08:00:00+00:00,8,3,24,9,0,245,54.44,MEDIUM,Synthetic/Simulation Data — For Academic Demonstration,274,279,203.7,60.89
9,Alpha Hostel Quad,HST-01,HOSTEL,500,2026-09-24T08:00:00+00:00,8,3,24,9,0,70,14.0,LOW,Synthetic/Simulation Data — For Academic Demonstration,399,443,429.0,79.8
10,Beta Hostel Quad,HST-02,HOSTEL,500,2026-09-24T08:00:00+00:00,8,3,24,9,0,55,11.0,LOW,Synthetic/Simulation Data — For Academic Demonstration,403,463,426.7,80.6
11,Research Park Hub,RES-01,LAB,350,2026-09-24T08:00:00+00:00,8,3,24,9,0,238,68.0,MEDIUM,Synthetic/Simulation Data — For Academic Demonstration,7,32,16.3,2.0
12,Health Center Entrance,MED-01,MEDICAL,150,2026-09-24T08:00:00+00:00,8,3,24,9,0,45,30.0,LOW,Synthetic/Simulation Data — For Academic Demonstration,16,11,15.7,10.67
1,Admin Complex Hub,ADM-01,ADMIN,300,2026-09-24T09:00:00+00:00,9,3,24,9,0,154,51.33,MEDIUM,Synthetic/Simulation Data — For Academic Demonstration,12,6,11.3,4.0
2,CS & AI Complex Hub,CS-01,ACADEMIC,800,2026-09-24T09:00:00+00:00,9,3,24,9,0,681,85.12,HIGH,Synthetic/Simulation Data — For Academic Demonstration,571,16,207.0,71.38
3,Electrical Sciences Hub,EE-01,ACADEMIC,650,2026-09-24T09:00:00+00:00,9,3,24,9,0,554,85.23,HIGH,Synthetic/Simulation Data — For Academic Demonstration,458,23,171.7,70.46
4,Mechanical Quad Hub,ME-01,ACADEMIC,600,2026-09-24T09:00:00+00:00,9,3,24,9,0,505,84.17,HIGH,Synthetic/Simulation Data — For Academic Demonstration,444,56,170.7,74.0
5,Central Library Plaza,LIB-01,LIBRARY,700,2026-09-24T09:00:00+00:00,9,3,24,9,0,296,42.29,MEDIUM,Synthetic/Simulation Data — For Academic Demonstration,255,29,111.7,36.43
6,Auditorium Plaza,AUD-01,AUDITORIUM,1000,2026-09-24T09:00:00+00:00,9,3,24,9,0,127,12.7,LOW,Synthetic/Simulation Data — For Academic Demonstration,73,70,59.0,7.3
7,Food Court Square,CAN-01,CANTEEN,550,2026-09-24T09:00:00+00:00,9,3,24,9,0,104,18.91,LOW,Synthetic/Simulation Data — For Academic Demonstration,339,211,187.0,61.64
8,Sports Arena Entrance,SPT-01,SPORTS,450,2026-09-24T09:00:00+00:00,9,3,24,9,0,49,10.89,LOW,Synthetic/Simulation Data — For Academic Demonstration,245,274,266.0,54.44
9,Alpha Hostel Quad,HST-01,HOSTEL,500,2026-09-24T09:00:00+00:00,9,3,24,9,0,57,11.4,LOW,Synthetic/Simulation Data — For Academic Demonstration,70,399,304.0,14.0
10,Beta Hostel Quad,HST-02,HOSTEL,500,2026-09-24T09:00:00+00:00,9,3,24,9,0,48,9.6,LOW,Synthetic/Simulation Data — For Academic Demonstration,55,403,307.0,11.0
11,Research Park Hub,RES-01,LAB,350,2026-09-24T09:00:00+00:00,9,3,24,9,0,270,77.14,HIGH,Synthetic/Simulation Data — For Academic Demonstration,238,7,92.3,68.0
12,Health Center Entrance,MED-01,MEDICAL,150,2026-09-24T09:00:00+00:00,9,3,24,9,0,60,40.0,LOW,Synthetic/Simulation Data — For Academic Demonstration,45,16,24.0,30.0
1,Admin Complex Hub,ADM-01,ADMIN,300,2026-09-24T10:00:00+00:00,10,3,24,9,0,189,63.0,MEDIUM,Synthetic/Simulation Data — For Academic Demonstration,154,12,57.3,51.33
2,CS & AI Complex Hub,CS-01,ACADEMIC,800,2026-09-24T10:00:00+00:00,10,3,24,9,0,739,92.38,CRITICAL,Synthetic/Simulation Data — For Academic Demonstration,681,571,422.7,85.12
3,Electrical Sciences Hub,EE-01,ACADEMIC,650,2026-09-24T10:00:00+00:00,10,3,24,9,0,551,84.77,HIGH,Synthetic/Simulation Data — For Academic Demonstration,554,458,345.0,85.23
4,Mechanical Quad Hub,ME-01,ACADEMIC,600,2026-09-24T10:00:00+00:00,10,3,24,9,0,528,88.0,HIGH,Synthetic/Simulation Data — For Academic Demonstration,505,444,335.0,84.17
5,Central Library Plaza,LIB-01,LIBRARY,700,2026-09-24T10:00:00+00:00,10,3,24,9,0,351,50.14,MEDIUM,Synthetic/Simulation Data — For Academic Demonstration,296,255,193.3,42.29
6,Auditorium Plaza,AUD-01,AUDITORIUM,1000,2026-09-24T10:00:00+00:00,10,3,24,9,0,128,12.8,LOW,Synthetic/Simulation Data — For Academic Demonstration,127,73,90.0,12.7
7,Food Court Square,CAN-01,CANTEEN,550,2026-09-24T10:00:00+00:00,10,3,24,9,0,129,23.45,LOW,Synthetic/Simulation Data — For Academic Demonstration,104,339,218.0,18.91
8,Sports Arena Entrance,SPT-01,SPORTS,450,2026-09-24T10:00:00+00:00,10,3,24,9,0,49,10.89,LOW,Synthetic/Simulation Data — For Academic Demonstration,49,245,189.3,10.89
9,Alpha Hostel Quad,HST-01,HOSTEL,500,2026-09-24T10:00:00+00:00,10,3,24,9,0,112,22.4,LOW,Synthetic/Simulation Data — For Academic Demonstration,57,70,175.3,11.4
10,Beta Hostel Quad,HST-02,HOSTEL,500,2026-09-24T10:00:00+00:00,10,3,24,9,0,91,18.2,LOW,Synthetic/Simulation Data — For Academic Demonstration,48,55,168.7,9.6
11,Research Park Hub,RES-01,LAB,350,2026-09-24T10:00:00+00:00,10,3,24,9,0,309,88.29,HIGH,Synthetic/Simulation Data — For Academic Demonstration,270,238,171.7,77.14
12,Health Center Entrance,MED-01,MEDICAL,150,2026-09-24T10:00:00+00:00,10,3,24,9,0,66,44.0,MEDIUM,Synthetic/Simulation Data — For Academic Demonstration,60,45,40.3,40.0
1,Admin Complex Hub,ADM-01,ADMIN,300,2026-09-24T11:00:00+00:00,11,3,24,9,0,183,61.0,MEDIUM,Synthetic/Simulation Data — For Academic Demonstration,189,154,118.3,63.0
2,CS & AI Complex Hub,CS-01,ACADEMIC,800,2026-09-24T11:00:00+00:00,11,3,24,9,0,691,86.38,HIGH,Synthetic/Simulation Data — For Academic Demonstration,739,681,663.7,92.38
3,Electrical Sciences Hub,EE-01,ACADEMIC,650,2026-09-24T11:00:00+00:00,11,3,24,9,0,588,90.46,CRITICAL,Synthetic/Simulation Data — For Academic Demonstration,551,554,521.0,84.77
4,Mechanical Quad Hub,ME-01,ACADEMIC,600,2026-09-24T11:00:00+00:00,11,3,24,9,0,512,85.33,HIGH,Synthetic/Simulation Data — For Academic Demonstration,528,505,492.3,88.0
5,Central Library Plaza,LIB-01,LIBRARY,700,2026-09-24T11:00:00+00:00,11,3,24,9,0,331,47.29,MEDIUM,Synthetic/Simulation Data — For Academic Demonstration,351,296,300.7,50.14
6,Auditorium Plaza,AUD-01,AUDITORIUM,1000,2026-09-24T11:00:00+00:00,11,3,24,9,0,102,10.2,LOW,Synthetic/Simulation Data — For Academic Demonstration,128,127,109.3,12.8
7,Food Court Square,CAN-01,CANTEEN,550,2026-09-24T11:00:00+00:00,11,3,24,9,0,104,18.91,LOW,Synthetic/Simulation Data — For Academic Demonstration,129,104,190.7,23.45
8,Sports Arena Entrance,SPT-01,SPORTS,450,2026-09-24T11:00:00+00:00,11,3,24,9,0,73,16.22,LOW,Synthetic/Simulation Data — For Academic Demonstration,49,49,114.3,10.89
9,Alpha Hostel Quad,HST-01,HOSTEL,500,2026-09-24T11:00:00+00:00,11,3,24,9,0,125,25.0,LOW,Synthetic/Simulation Data — For Academic Demonstration,112,57,79.7,22.4
10,Beta Hostel Quad,HST-02,HOSTEL,500,2026-09-24T11:00:00+00:00,11,3,24,9,0,86,17.2,LOW,Synthetic/Simulation Data — For Academic Demonstration,91,48,64.7,18.2
11,Research Park Hub,RES-01,LAB,350,2026-09-24T11:00:00+00:00,11,3,24,9,0,298,85.14,HIGH,Synthetic/Simulation Data — For Academic Demonstration,309,270,272.3,88.29
12,Health Center Entrance,MED-01,MEDICAL,150,2026-09-24T11:00:00+00:00,11,3,24,9,0,80,53.33,MEDIUM,Synthetic/Simulation Data — For Academic Demonstration,66,60,57.0,44.0
1,Admin Complex Hub,ADM-01,ADMIN,300,2026-09-24T12:00:00+00:00,12,3,24,9,0,191,63.67,MEDIUM,Synthetic/Simulation Data — For Academic Demonstration,183,189,175.3,61.0
2,CS & AI Complex Hub,CS-01,ACADEMIC,800,2026-09-24T12:00:00+00:00,12,3,24,9,0,236,29.5,LOW,Synthetic/Simulation Data — For Academic Demonstration,691,739,703.7,86.38
3,Electrical Sciences Hub,EE-01,ACADEMIC,650,2026-09-24T12:00:00+00:00,12,3,24,9,0,201,30.92,LOW,Synthetic/Simulation Data — For Academic Demonstration,588,551,564.3,90.46
4,Mechanical Quad Hub,ME-01,ACADEMIC,600,2026-09-24T12:00:00+00:00,12,3,24,9,0,203,33.83,LOW,Synthetic/Simulation Data — For Academic Demonstration,512,528,515.0,85.33
5,Central Library Plaza,LIB-01,LIBRARY,700,2026-09-24T12:00:00+00:00,12,3,24,9,0,453,64.71,MEDIUM,Synthetic/Simulation Data — For Academic Demonstration,331,351,326.0,47.29
6,Auditorium Plaza,AUD-01,AUDITORIUM,1000,2026-09-24T12:00:00+00:00,12,3,24,9,0,305,30.5,LOW,Synthetic/Simulation Data — For Academic Demonstration,102,128,119.0,10.2
7,Food Court Square,CAN-01,CANTEEN,550,2026-09-24T12:00:00+00:00,12,3,24,9,0,460,83.64,HIGH,Synthetic/Simulation Data — For Academic Demonstration,104,129,112.3,18.91
8,Sports Arena Entrance,SPT-01,SPORTS,450,2026-09-24T12:00:00+00:00,12,3,24,9,0,43,9.56,LOW,Synthetic/Simulation Data — For Academic Demonstration,73,49,57.0,16.22
9,Alpha Hostel Quad,HST-01,HOSTEL,500,2026-09-24T12:00:00+00:00,12,3,24,9,0,105,21.0,LOW,Synthetic/Simulation Data — For Academic Demonstration,125,112,98.0,25.0
10,Beta Hostel Quad,HST-02,HOSTEL,500,2026-09-24T12:00:00+00:00,12,3,24,9,0,148,29.6,LOW,Synthetic/Simulation Data — For Academic Demonstration,86,91,75.0,17.2
11,Research Park Hub,RES-01,LAB,350,2026-09-24T12:00:00+00:00,12,3,24,9,0,124,35.43,LOW,Synthetic/Simulation Data — For Academic Demonstration,298,309,292.3,85.14
12,Health Center Entrance,MED-01,MEDICAL,150,2026-09-24T12:00:00+00:00,12,3,24,9,0,72,48.0,MEDIUM,Synthetic/Simulation Data — For Academic Demonstration,80,66,68.7,53.33
1,Admin Complex Hub,ADM-01,ADMIN,300,2026-09-24T13:00:00+00:00,13,3,24,9,0,198,66.0,MEDIUM,Synthetic/Simulation Data — For Academic Demonstration,191,183,187.7,63.67
2,CS & AI Complex Hub,CS-01,ACADEMIC,800,2026-09-24T13:00:00+00:00,13,3,24,9,0,250,31.25,LOW,Synthetic/Simulation Data — For Academic Demonstration,236,691,555.3,29.5
3,Electrical Sciences Hub,EE-01,ACADEMIC,650,2026-09-24T13:00:00+00:00,13,3,24,9,0,196,30.15,LOW,Synthetic/Simulation Data — For Academic Demonstration,201,588,446.7,30.92
4,Mechanical Quad Hub,ME-01,ACADEMIC,600,2026-09-24T13:00:00+00:00,13,3,24,9,0,170,28.33,LOW,Synthetic/Simulation Data — For Academic Demonstration,203,512,414.3,33.83
5,Central Library Plaza,LIB-01,LIBRARY,700,2026-09-24T13:00:00+00:00,13,3,24,9,0,506,72.29,HIGH,Synthetic/Simulation Data — For Academic Demonstration,453,331,378.3,64.71
6,Auditorium Plaza,AUD-01,AUDITORIUM,1000,2026-09-24T13:00:00+00:00,13,3,24,9,0,122,12.2,LOW,Synthetic/Simulation Data — For Academic Demonstration,305,102,178.3,30.5
7,Food Court Square,CAN-01,CANTEEN,550,2026-09-24T13:00:00+00:00,13,3,24,9,0,507,92.18,CRITICAL,Synthetic/Simulation Data — For Academic Demonstration,460,104,231.0,83.64
8,Sports Arena Entrance,SPT-01,SPORTS,450,2026-09-24T13:00:00+00:00,13,3,24,9,0,50,11.11,LOW,Synthetic/Simulation Data — For Academic Demonstration,43,73,55.0,9.56
9,Alpha Hostel Quad,HST-01,HOSTEL,500,2026-09-24T13:00:00+00:00,13,3,24,9,0,143,28.6,LOW,Synthetic/Simulation Data — For Academic Demonstration,105,125,114.0,21.0
10,Beta Hostel Quad,HST-02,HOSTEL,500,2026-09-24T13:00:00+00:00,13,3,24,9,0,132,26.4,LOW,Synthetic/Simulation Data — For Academic Demonstration,148,86,108.3,29.6
11,Research Park Hub,RES-01,LAB,350,2026-09-24T13:00:00+00:00,13,3,24,9,0,140,40.0,LOW,Synthetic/Simulation Data — For Academic Demonstration,124,298,243.7,35.43
12,Health Center Entrance,MED-01,MEDICAL,150,2026-09-24T13:00:00+00:00,13,3,24,9,0,75,50.0,MEDIUM,Synthetic/Simulation Data — For Academic Demonstration,72,80,72.7,48.0
1,Admin Complex Hub,ADM-01,ADMIN,300,2026-09-24T14:00:00+00:00,14,3,24,9,0,210,70.0,MEDIUM,Synthetic/Simulation Data — For Academic Demonstration,198,191,190.7,66.0
2,CS & AI Complex Hub,CS-01,ACADEMIC,800,2026-09-24T14:00:00+00:00,14,3,24,9,0,616,77.0,HIGH,Synthetic/Simulation Data — For Academic Demonstration,250,236,392.3,31.25
3,Electrical Sciences Hub,EE-01,ACADEMIC,650,2026-09-24T14:00:00+00:00,14,3,24,9,0,518,79.69,HIGH,Synthetic/Simulation Data — For Academic Demonstration,196,201,328.3,30.15
4,Mechanical Quad Hub,ME-01,ACADEMIC,600,2026-09-24T14:00:00+00:00,14,3,24,9,0,450,75.0,HIGH,Synthetic/Simulation Data — For Academic Demonstration,170,203,295.0,28.33
5,Central Library Plaza,LIB-01,LIBRARY,700,2026-09-24T14:00:00+00:00,14,3,24,9,0,560,80.0,HIGH,Synthetic/Simulation Data — For Academic Demonstration,506,453,430.0,72.29
6,Auditorium Plaza,AUD-01,AUDITORIUM,1000,2026-09-24T14:00:00+00:00,14,3,24,9,0,49,4.9,LOW,Synthetic/Simulation Data — For Academic Demonstration,122,305,176.3,12.2
7,Food Court Square,CAN-01,CANTEEN,550,2026-09-24T14:00:00+00:00,14,3,24,9,0,11,2.0,LOW,Synthetic/Simulation Data — For Academic Demonstration,507,460,357.0,92.18
8,Sports Arena Entrance,SPT-01,SPORTS,450,2026-09-24T14:00:00+00:00,14,3,24,9,0,56,12.44,LOW,Synthetic/Simulation Data — For Academic Demonstration,50,43,55.3,11.11
9,Alpha Hostel Quad,HST-01,HOSTEL,500,2026-09-24T14:00:00+00:00,14,3,24,9,0,78,15.6,LOW,Synthetic/Simulation Data — For Academic Demonstration,143,105,124.3,28.6
10,Beta Hostel Quad,HST-02,HOSTEL,500,2026-09-24T14:00:00+00:00,14,3,24,9,0,88,17.6,LOW,Synthetic/Simulation Data — For Academic Demonstration,132,148,122.0,26.4
11,Research Park Hub,RES-01,LAB,350,2026-09-24T14:00:00+00:00,14,3,24,9,0,252,72.0,HIGH,Synthetic/Simulation Data — For Academic Demonstration,140,124,187.3,40.0
12,Health Center Entrance,MED-01,MEDICAL,150,2026-09-24T14:00:00+00:00,14,3,24,9,0,76,50.67,MEDIUM,Synthetic/Simulation Data — For Academic Demonstration,75,72,75.7,50.0
1,Admin Complex Hub,ADM-01,ADMIN,300,2026-09-24T15:00:00+00:00,15,3,24,9,0,190,63.33,MEDIUM,Synthetic/Simulation Data — For Academic Demonstration,210,198,199.7,70.0
2,CS & AI Complex Hub,CS-01,ACADEMIC,800,2026-09-24T15:00:00+00:00,15,3,24,9,0,710,88.75,HIGH,Synthetic/Simulation Data — For Academic Demonstration,616,250,367.3,77.0
3,Electrical Sciences Hub,EE-01,ACADEMIC,650,2026-09-24T15:00:00+00:00,15,3,24,9,0,584,89.85,HIGH,Synthetic/Simulation Data — For Academic Demonstration,518,196,305.0,79.69
4,Mechanical Quad Hub,ME-01,ACADEMIC,600,2026-09-24T15:00:00+00:00,15,3,24,9,0,530,88.33,HIGH,Synthetic/Simulation Data — For Academic Demonstration,450,170,274.3,75.0
5,Central Library Plaza,LIB-01,LIBRARY,700,2026-09-24T15:00:00+00:00,15,3,24,9,0,545,77.86,HIGH,Synthetic/Simulation Data — For Academic Demonstration,560,506,506.3,80.0
6,Auditorium Plaza,AUD-01,AUDITORIUM,1000,2026-09-24T15:00:00+00:00,15,3,24,9,0,156,15.6,LOW,Synthetic/Simulation Data — For Academic Demonstration,49,122,158.7,4.9
7,Food Court Square,CAN-01,CANTEEN,550,2026-09-24T15:00:00+00:00,15,3,24,9,0,26,4.73,LOW,Synthetic/Simulation Data — For Academic Demonstration,11,507,326.0,2.0
8,Sports Arena Entrance,SPT-01,SPORTS,450,2026-09-24T15:00:00+00:00,15,3,24,9,0,48,10.67,LOW,Synthetic/Simulation Data — For Academic Demonstration,56,50,49.7,12.44
9,Alpha Hostel Quad,HST-01,HOSTEL,500,2026-09-24T15:00:00+00:00,15,3,24,9,0,59,11.8,LOW,Synthetic/Simulation Data — For Academic Demonstration,78,143,108.7,15.6
10,Beta Hostel Quad,HST-02,HOSTEL,500,2026-09-24T15:00:00+00:00,15,3,24,9,0,133,26.6,LOW,Synthetic/Simulation Data — For Academic Demonstration,88,132,122.7,17.6
11,Research Park Hub,RES-01,LAB,350,2026-09-24T15:00:00+00:00,15,3,24,9,0,307,87.71,HIGH,Synthetic/Simulation Data — For Academic Demonstration,252,140,172.0,72.0
12,Health Center Entrance,MED-01,MEDICAL,150,2026-09-24T15:00:00+00:00,15,3,24,9,0,69,46.0,MEDIUM,Synthetic/Simulation Data — For Academic Demonstration,76,75,74.3,50.67
1,Admin Complex Hub,ADM-01,ADMIN,300,2026-09-24T16:00:00+00:00,16,3,24,9,0,162,54.0,MEDIUM,Synthetic/Simulation Data — For Academic Demonstration,190,210,199.3,63.33
2,CS & AI Complex Hub,CS-01,ACADEMIC,800,2026-09-24T16:00:00+00:00,16,3,24,9,0,733,91.62,CRITICAL,Synthetic/Simulation Data — For Academic Demonstration,710,616,525.3,88.75
3,Electrical Sciences Hub,EE-01,ACADEMIC,650,2026-09-24T16:00:00+00:00,16,3,24,9,0,599,92.15,CRITICAL,Synthetic/Simulation Data — For Academic Demonstration,584,518,432.7,89.85
4,Mechanical Quad Hub,ME-01,ACADEMIC,600,2026-09-24T16:00:00+00:00,16,3,24,9,0,565,94.17,CRITICAL,Synthetic/Simulation Data — For Academic Demonstration,530,450,383.3,88.33
5,Central Library Plaza,LIB-01,LIBRARY,700,2026-09-24T16:00:00+00:00,16,3,24,9,0,501,71.57,HIGH,Synthetic/Simulation Data — For Academic Demonstration,545,560,537.0,77.86
6,Auditorium Plaza,AUD-01,AUDITORIUM,1000,2026-09-24T16:00:00+00:00,16,3,24,9,0,115,11.5,LOW,Synthetic/Simulation Data — For Academic Demonstration,156,49,109.0,15.6
7,Food Court Square,CAN-01,CANTEEN,550,2026-09-24T16:00:00+00:00,16,3,24,9,0,303,55.09,MEDIUM,Synthetic/Simulation Data — For Academic Demonstration,26,11,181.3,4.73
8,Sports Arena Entrance,SPT-01,SPORTS,450,2026-09-24T16:00:00+00:00,16,3,24,9,0,37,8.22,LOW,Synthetic/Simulation Data — For Academic Demonstration,48,56,51.3,10.67
9,Alpha Hostel Quad,HST-01,HOSTEL,500,2026-09-24T16:00:00+00:00,16,3,24,9,0,77,15.4,LOW,Synthetic/Simulation Data — For Academic Demonstration,59,78,93.3,11.8
10,Beta Hostel Quad,HST-02,HOSTEL,500,2026-09-24T16:00:00+00:00,16,3,24,9,0,219,43.8,MEDIUM,Synthetic/Simulation Data — For Academic Demonstration,133,88,117.7,26.6
11,Research Park Hub,RES-01,LAB,350,2026-09-24T16:00:00+00:00,16,3,24,9,0,306,87.43,HIGH,Synthetic/Simulation Data — For Academic Demonstration,307,252,233.0,87.71
12,Health Center Entrance,MED-01,MEDICAL,150,2026-09-24T16:00:00+00:00,16,3,24,9,0,94,62.67,MEDIUM,Synthetic/Simulation Data — For Academic Demonstration,69,76,73.3,46.0
1,Admin Complex Hub,ADM-01,ADMIN,300,2026-09-24T17:00:00+00:00,17,3,24,9,0,153,51.0,MEDIUM,Synthetic/Simulation Data — For Academic Demonstration,162,190,187.3,54.0
2,CS & AI Complex Hub,CS-01,ACADEMIC,800,2026-09-24T17:00:00+00:00,17,3,24,9,0,323,40.38,MEDIUM,Synthetic/Simulation Data — For Academic Demonstration,733,710,686.3,91.62
3,Electrical Sciences Hub,EE-01,ACADEMIC,650,2026-09-24T17:00:00+00:00,17,3,24,9,0,179,27.54,LOW,Synthetic/Simulation Data — For Academic Demonstration,599,584,567.0,92.15
4,Mechanical Quad Hub,ME-01,ACADEMIC,600,2026-09-24T17:00:00+00:00,17,3,24,9,0,115,19.17,LOW,Synthetic/Simulation Data — For Academic Demonstration,565,530,515.0,94.17
5,Central Library Plaza,LIB-01,LIBRARY,700,2026-09-24T17:00:00+00:00,17,3,24,9,0,513,73.29,HIGH,Synthetic/Simulation Data — For Academic Demonstration,501,545,535.3,71.57
6,Auditorium Plaza,AUD-01,AUDITORIUM,1000,2026-09-24T17:00:00+00:00,17,3,24,9,0,121,12.1,LOW,Synthetic/Simulation Data — For Academic Demonstration,115,156,106.7,11.5
7,Food Court Square,CAN-01,CANTEEN,550,2026-09-24T17:00:00+00:00,17,3,24,9,0,380,69.09,MEDIUM,Synthetic/Simulation Data — For Academic Demonstration,303,26,113.3,55.09
8,Sports Arena Entrance,SPT-01,SPORTS,450,2026-09-24T17:00:00+00:00,17,3,24,9,0,318,70.67,HIGH,Synthetic/Simulation Data — For Academic Demonstration,37,48,47.0,8.22
9,Alpha Hostel Quad,HST-01,HOSTEL,500,2026-09-24T17:00:00+00:00,17,3,24,9,0,271,54.2,MEDIUM,Synthetic/Simulation Data — For Academic Demonstration,77,59,71.3,15.4
10,Beta Hostel Quad,HST-02,HOSTEL,500,2026-09-24T17:00:00+00:00,17,3,24,9,0,244,48.8,MEDIUM,Synthetic/Simulation Data — For Academic Demonstration,219,133,146.7,43.8
11,Research Park Hub,RES-01,LAB,350,2026-09-24T17:00:00+00:00,17,3,24,9,0,93,26.57,LOW,Synthetic/Simulation Data — For Academic Demonstration,306,307,288.3,87.43
12,Health Center Entrance,MED-01,MEDICAL,150,2026-09-24T17:00:00+00:00,17,3,24,9,0,70,46.67,MEDIUM,Synthetic/Simulation Data — For Academic Demonstration,94,69,79.7,62.67
1,Admin Complex Hub,ADM-01,ADMIN,300,2026-09-24T18:00:00+00:00,18,3,24,9,0,16,5.33,LOW,Synthetic/Simulation Data — For Academic Demonstration,153,162,168.3,51.0
2,CS & AI Complex Hub,CS-01,ACADEMIC,800,2026-09-24T18:00:00+00:00,18,3,24,9,0,170,21.25,LOW,Synthetic/Simulation Data — For Academic Demonstration,323,733,588.7,40.38
3,Electrical Sciences Hub,EE-01,ACADEMIC,650,2026-09-24T18:00:00+00:00,18,3,24,9,0,123,18.92,LOW,Synthetic/Simulation Data — For Academic Demonstration,179,599,454.0,27.54
4,Mechanical Quad Hub,ME-01,ACADEMIC,600,2026-09-24T18:00:00+00:00,18,3,24,9,0,111,18.5,LOW,Synthetic/Simulation Data — For Academic Demonstration,115,565,403.3,19.17
5,Central Library Plaza,LIB-01,LIBRARY,700,2026-09-24T18:00:00+00:00,18,3,24,9,0,595,85.0,HIGH,Synthetic/Simulation Data — For Academic Demonstration,513,501,519.7,73.29
6,Auditorium Plaza,AUD-01,AUDITORIUM,1000,2026-09-24T18:00:00+00:00,18,3,24,9,0,91,9.1,LOW,Synthetic/Simulation Data — For Academic Demonstration,121,115,130.7,12.1
7,Food Court Square,CAN-01,CANTEEN,550,2026-09-24T18:00:00+00:00,18,3,24,9,0,32,5.82,LOW,Synthetic/Simulation Data — For Academic Demonstration,380,303,236.3,69.09
8,Sports Arena Entrance,SPT-01,SPORTS,450,2026-09-24T18:00:00+00:00,18,3,24,9,0,392,87.11,HIGH,Synthetic/Simulation Data — For Academic Demonstration,318,37,134.3,70.67
9,Alpha Hostel Quad,HST-01,HOSTEL,500,2026-09-24T18:00:00+00:00,18,3,24,9,0,348,69.6,MEDIUM,Synthetic/Simulation Data — For Academic Demonstration,271,77,135.7,54.2
10,Beta Hostel Quad,HST-02,HOSTEL,500,2026-09-24T18:00:00+00:00,18,3,24,9,0,305,61.0,MEDIUM,Synthetic/Simulation Data — For Academic Demonstration,244,219,198.7,48.8
11,Research Park Hub,RES-01,LAB,350,2026-09-24T18:00:00+00:00,18,3,24,9,0,74,21.14,LOW,Synthetic/Simulation Data — For Academic Demonstration,93,306,235.3,26.57
12,Health Center Entrance,MED-01,MEDICAL,150,2026-09-24T18:00:00+00:00,18,3,24,9,0,63,42.0,MEDIUM,Synthetic/Simulation Data — For Academic Demonstration,70,94,77.7,46.67
1,Admin Complex Hub,ADM-01,ADMIN,300,2026-09-24T19:00:00+00:00,19,3,24,9,0,27,9.0,LOW,Synthetic/Simulation Data — For Academic Demonstration,16,153,110.3,5.33
2,CS & AI Complex Hub,CS-01,ACADEMIC,800,2026-09-24T19:00:00+00:00,19,3,24,9,0,140,17.5,LOW,Synthetic/Simulation Data — For Academic Demonstration,170,323,408.7,21.25
3,Electrical Sciences Hub,EE-01,ACADEMIC,650,2026-09-24T19:00:00+00:00,19,3,24,9,0,61,9.38,LOW,Synthetic/Simulation Data — For Academic Demonstration,123,179,300.3,18.92
4,Mechanical Quad Hub,ME-01,ACADEMIC,600,2026-09-24T19:00:00+00:00,19,3,24,9,0,76,12.67,LOW,Synthetic/Simulation Data — For Academic Demonstration,111,115,263.7,18.5
5,Central Library Plaza,LIB-01,LIBRARY,700,2026-09-24T19:00:00+00:00,19,3,24,9,0,611,87.29,HIGH,Synthetic/Simulation Data — For Academic Demonstration,595,513,536.3,85.0
6,Auditorium Plaza,AUD-01,AUDITORIUM,1000,2026-09-24T19:00:00+00:00,19,3,24,9,0,20,2.0,LOW,Synthetic/Simulation Data — For Academic Demonstration,91,121,109.0,9.1
7,Food Court Square,CAN-01,CANTEEN,550,2026-09-24T19:00:00+00:00,19,3,24,9,0,346,62.91,MEDIUM,Synthetic/Simulation Data — For Academic Demonstration,32,380,238.3,5.82
8,Sports Arena Entrance,SPT-01,SPORTS,450,2026-09-24T19:00:00+00:00,19,3,24,9,0,377,83.78,HIGH,Synthetic/Simulation Data — For Academic Demonstration,392,318,249.0,87.11
9,Alpha Hostel Quad,HST-01,HOSTEL,500,2026-09-24T19:00:00+00:00,19,3,24,9,0,339,67.8,MEDIUM,Synthetic/Simulation Data — For Academic Demonstration,348,271,232.0,69.6
10,Beta Hostel Quad,HST-02,HOSTEL,500,2026-09-24T19:00:00+00:00,19,3,24,9,0,348,69.6,MEDIUM,Synthetic/Simulation Data — For Academic Demonstration,305,244,256.0,61.0
11,Research Park Hub,RES-01,LAB,350,2026-09-24T19:00:00+00:00,19,3,24,9,0,54,15.43,LOW,Synthetic/Simulation Data — For Academic Demonstration,74,93,157.7,21.14
12,Health Center Entrance,MED-01,MEDICAL,150,2026-09-24T19:00:00+00:00,19,3,24,9,0,11,7.33,LOW,Synthetic/Simulation Data — For Academic Demonstration,63,70,75.7,42.0
1,Admin Complex Hub,ADM-01,ADMIN,300,2026-09-24T20:00:00+00:00,20,3,24,9,0,7,2.33,LOW,Synthetic/Simulation Data — For Academic Demonstration,27,16,65.3,9.0
2,CS & AI Complex Hub,CS-01,ACADEMIC,800,2026-09-24T20:00:00+00:00,20,3,24,9,0,63,7.88,LOW,Synthetic/Simulation Data — For Academic Demonstration,140,170,211.0,17.5
3,Electrical Sciences Hub,EE-01,ACADEMIC,650,2026-09-24T20:00:00+00:00,20,3,24,9,0,28,4.31,LOW,Synthetic/Simulation Data — For Academic Demonstration,61,123,121.0,9.38
4,Mechanical Quad Hub,ME-01,ACADEMIC,600,2026-09-24T20:00:00+00:00,20,3,24,9,0,12,2.0,LOW,Synthetic/Simulation Data — For Academic Demonstration,76,111,100.7,12.67
5,Central Library Plaza,LIB-01,LIBRARY,700,2026-09-24T20:00:00+00:00,20,3,24,9,0,635,90.71,CRITICAL,Synthetic/Simulation Data — For Academic Demonstration,611,595,573.0,87.29
6,Auditorium Plaza,AUD-01,AUDITORIUM,1000,2026-09-24T20:00:00+00:00,20,3,24,9,0,29,2.9,LOW,Synthetic/Simulation Data — For Academic Demonstration,20,91,77.3,2.0
7,Food Court Square,CAN-01,CANTEEN,550,2026-09-24T20:00:00+00:00,20,3,24,9,0,429,78.0,HIGH,Synthetic/Simulation Data — For Academic Demonstration,346,32,252.7,62.91
8,Sports Arena Entrance,SPT-01,SPORTS,450,2026-09-24T20:00:00+00:00,20,3,24,9,0,372,82.67,HIGH,Synthetic/Simulation Data — For Academic Demonstration,377,392,362.3,83.78
9,Alpha Hostel Quad,HST-01,HOSTEL,500,2026-09-24T20:00:00+00:00,20,3,24,9,0,358,71.6,HIGH,Synthetic/Simulation Data — For Academic Demonstration,339,348,319.3,67.8
10,Beta Hostel Quad,HST-02,HOSTEL,500,2026-09-24T20:00:00+00:00,20,3,24,9,0,313,62.6,MEDIUM,Synthetic/Simulation Data — For Academic Demonstration,348,305,299.0,69.6
11,Research Park Hub,RES-01,LAB,350,2026-09-24T20:00:00+00:00,20,3,24,9,0,7,2.0,LOW,Synthetic/Simulation Data — For Academic Demonstration,54,74,73.7,15.43
12,Health Center Entrance,MED-01,MEDICAL,150,2026-09-24T20:00:00+00:00,20,3,24,9,0,9,6.0,LOW,Synthetic/Simulation Data — For Academic Demonstration,11,63,48.0,7.33
1,Admin Complex Hub,ADM-01,ADMIN,300,2026-09-24T21:00:00+00:00,21,3,24,9,0,11,3.67,LOW,Synthetic/Simulation Data — For Academic Demonstration,7,27,16.7,2.33
2,CS & AI Complex Hub,CS-01,ACADEMIC,800,2026-09-24T21:00:00+00:00,21,3,24,9,0,53,6.62,LOW,Synthetic/Simulation Data — For Academic Demonstration,63,140,124.3,7.88
3,Electrical Sciences Hub,EE-01,ACADEMIC,650,2026-09-24T21:00:00+00:00,21,3,24,9,0,13,2.0,LOW,Synthetic/Simulation Data — For Academic Demonstration,28,61,70.7,4.31
4,Mechanical Quad Hub,ME-01,ACADEMIC,600,2026-09-24T21:00:00+00:00,21,3,24,9,0,36,6.0,LOW,Synthetic/Simulation Data — For Academic Demonstration,12,76,66.3,2.0
5,Central Library Plaza,LIB-01,LIBRARY,700,2026-09-24T21:00:00+00:00,21,3,24,9,0,654,93.43,CRITICAL,Synthetic/Simulation Data — For Academic Demonstration,635,611,613.7,90.71
6,Auditorium Plaza,AUD-01,AUDITORIUM,1000,2026-09-24T21:00:00+00:00,21,3,24,9,0,65,6.5,LOW,Synthetic/Simulation Data — For Academic Demonstration,29,20,46.7,2.9
7,Food Court Square,CAN-01,CANTEEN,550,2026-09-24T21:00:00+00:00,21,3,24,9,0,422,76.73,HIGH,Synthetic/Simulation Data — For Academic Demonstration,429,346,269.0,78.0
8,Sports Arena Entrance,SPT-01,SPORTS,450,2026-09-24T21:00:00+00:00,21,3,24,9,0,32,7.11,LOW,Synthetic/Simulation Data — For Academic Demonstration,372,377,380.3,82.67
9,Alpha Hostel Quad,HST-01,HOSTEL,500,2026-09-24T21:00:00+00:00,21,3,24,9,0,424,84.8,HIGH,Synthetic/Simulation Data — For Academic Demonstration,358,339,348.3,71.6
10,Beta Hostel Quad,HST-02,HOSTEL,500,2026-09-24T21:00:00+00:00,21,3,24,9,0,394,78.8,HIGH,Synthetic/Simulation Data — For Academic Demonstration,313,348,322.0,62.6
11,Research Park Hub,RES-01,LAB,350,2026-09-24T21:00:00+00:00,21,3,24,9,0,7,2.0,LOW,Synthetic/Simulation Data — For Academic Demonstration,7,54,45.0,2.0
12,Health Center Entrance,MED-01,MEDICAL,150,2026-09-24T21:00:00+00:00,21,3,24,9,0,18,12.0,LOW,Synthetic/Simulation Data — For Academic Demonstration,9,11,27.7,6.0
1,Admin Complex Hub,ADM-01,ADMIN,300,2026-09-24T22:00:00+00:00,22,3,24,9,0,10,3.33,LOW,Synthetic/Simulation Data — For Academic Demonstration,11,7,15.0,3.67
2,CS & AI Complex Hub,CS-01,ACADEMIC,800,2026-09-24T22:00:00+00:00,22,3,24,9,0,22,2.75,LOW,Synthetic/Simulation Data — For Academic Demonstration,53,63,85.3,6.62
3,Electrical Sciences Hub,EE-01,ACADEMIC,650,2026-09-24T22:00:00+00:00,22,3,24,9,0,51,7.85,LOW,Synthetic/Simulation Data — For Academic Demonstration,13,28,34.0,2.0
4,Mechanical Quad Hub,ME-01,ACADEMIC,600,2026-09-24T22:00:00+00:00,22,3,24,9,0,42,7.0,LOW,Synthetic/Simulation Data — For Academic Demonstration,36,12,41.3,6.0
5,Central Library Plaza,LIB-01,LIBRARY,700,2026-09-24T22:00:00+00:00,22,3,24,9,0,59,8.43,LOW,Synthetic/Simulation Data — For Academic Demonstration,654,635,633.3,93.43
6,Auditorium Plaza,AUD-01,AUDITORIUM,1000,2026-09-24T22:00:00+00:00,22,3,24,9,0,20,2.0,LOW,Synthetic/Simulation Data — For Academic Demonstration,65,29,38.0,6.5
7,Food Court Square,CAN-01,CANTEEN,550,2026-09-24T22:00:00+00:00,22,3,24,9,0,11,2.0,LOW,Synthetic/Simulation Data — For Academic Demonstration,422,429,399.0,76.73
8,Sports Arena Entrance,SPT-01,SPORTS,450,2026-09-24T22:00:00+00:00,22,3,24,9,0,67,14.89,LOW,Synthetic/Simulation Data — For Academic Demonstration,32,372,260.3,7.11
9,Alpha Hostel Quad,HST-01,HOSTEL,500,2026-09-24T22:00:00+00:00,22,3,24,9,0,461,92.2,CRITICAL,Synthetic/Simulation Data — For Academic Demonstration,424,358,373.7,84.8
10,Beta Hostel Quad,HST-02,HOSTEL,500,2026-09-24T22:00:00+00:00,22,3,24,9,0,493,98.6,CRITICAL,Synthetic/Simulation Data — For Academic Demonstration,394,313,351.7,78.8
11,Research Park Hub,RES-01,LAB,350,2026-09-24T22:00:00+00:00,22,3,24,9,0,7,2.0,LOW,Synthetic/Simulation Data — For Academic Demonstration,7,7,22.7,2.0
12,Health Center Entrance,MED-01,MEDICAL,150,2026-09-24T22:00:00+00:00,22,3,24,9,0,22,14.67,LOW,Synthetic/Simulation Data — For Academic Demonstration,18,9,12.7,12.0
1,Admin Complex Hub,ADM-01,ADMIN,300,2026-09-24T23:00:00+00:00,23,3,24,9,0,6,2.0,LOW,Synthetic/Simulation Data — For Academic Demonstration,10,11,9.3,3.33
2,CS & AI Complex Hub,CS-01,ACADEMIC,800,2026-09-24T23:00:00+00:00,23,3,24,9,0,56,7.0,LOW,Synthetic/Simulation Data — For Academic Demonstration,22,53,46.0,2.75
3,Electrical Sciences Hub,EE-01,ACADEMIC,650,2026-09-24T23:00:00+00:00,23,3,24,9,0,22,3.38,LOW,Synthetic/Simulation Data — For Academic Demonstration,51,13,30.7,7.85
4,Mechanical Quad Hub,ME-01,ACADEMIC,600,2026-09-24T23:00:00+00:00,23,3,24,9,0,17,2.83,LOW,Synthetic/Simulation Data — For Academic Demonstration,42,36,30.0,7.0
5,Central Library Plaza,LIB-01,LIBRARY,700,2026-09-24T23:00:00+00:00,23,3,24,9,0,26,3.71,LOW,Synthetic/Simulation Data — For Academic Demonstration,59,654,449.3,8.43
6,Auditorium Plaza,AUD-01,AUDITORIUM,1000,2026-09-24T23:00:00+00:00,23,3,24,9,0,69,6.9,LOW,Synthetic/Simulation Data — For Academic Demonstration,20,65,38.0,2.0
7,Food Court Square,CAN-01,CANTEEN,550,2026-09-24T23:00:00+00:00,23,3,24,9,0,11,2.0,LOW,Synthetic/Simulation Data — For Academic Demonstration,11,422,287.3,2.0
8,Sports Arena Entrance,SPT-01,SPORTS,450,2026-09-24T23:00:00+00:00,23,3,24,9,0,18,4.0,LOW,Synthetic/Simulation Data — For Academic Demonstration,67,32,157.0,14.89
9,Alpha Hostel Quad,HST-01,HOSTEL,500,2026-09-24T23:00:00+00:00,23,3,24,9,0,491,98.2,CRITICAL,Synthetic/Simulation Data — For Academic Demonstration,461,424,414.3,92.2
10,Beta Hostel Quad,HST-02,HOSTEL,500,2026-09-24T23:00:00+00:00,23,3,24,9,0,437,87.4,HIGH,Synthetic/Simulation Data — For Academic Demonstration,493,394,400.0,98.6
11,Research Park Hub,RES-01,LAB,350,2026-09-24T23:00:00+00:00,23,3,24,9,0,11,3.14,LOW,Synthetic/Simulation Data — For Academic Demonstration,7,7,7.0,2.0
12,Health Center Entrance,MED-01,MEDICAL,150,2026-09-24T23:00:00+00:00,23,3,24,9,0,19,12.67,LOW,Synthetic/Simulation Data — For Academic Demonstration,22,18,16.3,14.67
1,Admin Complex Hub,ADM-01,ADMIN,300,2026-09-25T00:00:00+00:00,0,4,25,9,0,19,6.33,LOW,Synthetic/Simulation Data — For Academic Demonstration,6,10,9.0,2.0
2,CS & AI Complex Hub,CS-01,ACADEMIC,800,2026-09-25T00:00:00+00:00,0,4,25,9,0,16,2.0,LOW,Synthetic/Simulation Data — For Academic Demonstration,56,22,43.7,7.0
3,Electrical Sciences Hub,EE-01,ACADEMIC,650,2026-09-25T00:00:00+00:00,0,4,25,9,0,13,2.0,LOW,Synthetic/Simulation Data — For Academic Demonstration,22,51,28.7,3.38
4,Mechanical Quad Hub,ME-01,ACADEMIC,600,2026-09-25T00:00:00+00:00,0,4,25,9,0,73,12.17,LOW,Synthetic/Simulation Data — For Academic Demonstration,17,42,31.7,2.83
5,Central Library Plaza,LIB-01,LIBRARY,700,2026-09-25T00:00:00+00:00,0,4,25,9,0,69,9.86,LOW,Synthetic/Simulation Data — For Academic Demonstration,26,59,246.3,3.71
6,Auditorium Plaza,AUD-01,AUDITORIUM,1000,2026-09-25T00:00:00+00:00,0,4,25,9,0,70,7.0,LOW,Synthetic/Simulation Data — For Academic Demonstration,69,20,51.3,6.9
7,Food Court Square,CAN-01,CANTEEN,550,2026-09-25T00:00:00+00:00,0,4,25,9,0,16,2.91,LOW,Synthetic/Simulation Data — For Academic Demonstration,11,11,148.0,2.0
8,Sports Arena Entrance,SPT-01,SPORTS,450,2026-09-25T00:00:00+00:00,0,4,25,9,0,35,7.78,LOW,Synthetic/Simulation Data — For Academic Demonstration,18,67,39.0,4.0
9,Alpha Hostel Quad,HST-01,HOSTEL,500,2026-09-25T00:00:00+00:00,0,4,25,9,0,493,98.6,CRITICAL,Synthetic/Simulation Data — For Academic Demonstration,491,461,458.7,98.2
10,Beta Hostel Quad,HST-02,HOSTEL,500,2026-09-25T00:00:00+00:00,0,4,25,9,0,525,105.0,CRITICAL,Synthetic/Simulation Data — For Academic Demonstration,437,493,441.3,87.4
11,Research Park Hub,RES-01,LAB,350,2026-09-25T00:00:00+00:00,0,4,25,9,0,15,4.29,LOW,Synthetic/Simulation Data — For Academic Demonstration,11,7,8.3,3.14
12,Health Center Entrance,MED-01,MEDICAL,150,2026-09-25T00:00:00+00:00,0,4,25,9,0,21,14.0,LOW,Synthetic/Simulation Data — For Academic Demonstration,19,22,19.7,12.67
1,Admin Complex Hub,ADM-01,ADMIN,300,2026-09-25T01:00:00+00:00,1,4,25,9,0,18,6.0,LOW,Synthetic/Simulation Data — For Academic Demonstration,19,6,11.7,6.33
2,CS & AI Complex Hub,CS-01,ACADEMIC,800,2026-09-25T01:00:00+00:00,1,4,25,9,0,24,3.0,LOW,Synthetic/Simulation Data — For Academic Demonstration,16,56,31.3,2.0
3,Electrical Sciences Hub,EE-01,ACADEMIC,650,2026-09-25T01:00:00+00:00,1,4,25,9,0,18,2.77,LOW,Synthetic/Simulation Data — For Academic Demonstration,13,22,28.7,2.0
4,Mechanical Quad Hub,ME-01,ACADEMIC,600,2026-09-25T01:00:00+00:00,1,4,25,9,0,16,2.67,LOW,Synthetic/Simulation Data — For Academic Demonstration,73,17,44.0,12.17
5,Central Library Plaza,LIB-01,LIBRARY,700,2026-09-25T01:00:00+00:00,1,4,25,9,0,24,3.43,LOW,Synthetic/Simulation Data — For Academic Demonstration,69,26,51.3,9.86
6,Auditorium Plaza,AUD-01,AUDITORIUM,1000,2026-09-25T01:00:00+00:00,1,4,25,9,0,73,7.3,LOW,Synthetic/Simulation Data — For Academic Demonstration,70,69,53.0,7.0
7,Food Court Square,CAN-01,CANTEEN,550,2026-09-25T01:00:00+00:00,1,4,25,9,0,11,2.0,LOW,Synthetic/Simulation Data — For Academic Demonstration,16,11,12.7,2.91
8,Sports Arena Entrance,SPT-01,SPORTS,450,2026-09-25T01:00:00+00:00,1,4,25,9,0,52,11.56,LOW,Synthetic/Simulation Data — For Academic Demonstration,35,18,40.0,7.78
9,Alpha Hostel Quad,HST-01,HOSTEL,500,2026-09-25T01:00:00+00:00,1,4,25,9,0,447,89.4,HIGH,Synthetic/Simulation Data — For Academic Demonstration,493,491,481.7,98.6
10,Beta Hostel Quad,HST-02,HOSTEL,500,2026-09-25T01:00:00+00:00,1,4,25,9,0,493,98.6,CRITICAL,Synthetic/Simulation Data — For Academic Demonstration,525,437,485.0,105.0
11,Research Park Hub,RES-01,LAB,350,2026-09-25T01:00:00+00:00,1,4,25,9,0,24,6.86,LOW,Synthetic/Simulation Data — For Academic Demonstration,15,11,11.0,4.29
12,Health Center Entrance,MED-01,MEDICAL,150,2026-09-25T01:00:00+00:00,1,4,25,9,0,10,6.67,LOW,Synthetic/Simulation Data — For Academic Demonstration,21,19,20.7,14.0
1,Admin Complex Hub,ADM-01,ADMIN,300,2026-09-25T02:00:00+00:00,2,4,25,9,0,15,5.0,LOW,Synthetic/Simulation Data — For Academic Demonstration,18,19,14.3,6.0
2,CS & AI Complex Hub,CS-01,ACADEMIC,800,2026-09-25T02:00:00+00:00,2,4,25,9,0,16,2.0,LOW,Synthetic/Simulation Data — For Academic Demonstration,24,16,32.0,3.0
3,Electrical Sciences Hub,EE-01,ACADEMIC,650,2026-09-25T02:00:00+00:00,2,4,25,9,0,37,5.69,LOW,Synthetic/Simulation Data — For Academic Demonstration,18,13,17.7,2.77
4,Mechanical Quad Hub,ME-01,ACADEMIC,600,2026-09-25T02:00:00+00:00,2,4,25,9,0,13,2.17,LOW,Synthetic/Simulation Data — For Academic Demonstration,16,73,35.3,2.67
5,Central Library Plaza,LIB-01,LIBRARY,700,2026-09-25T02:00:00+00:00,2,4,25,9,0,14,2.0,LOW,Synthetic/Simulation Data — For Academic Demonstration,24,69,39.7,3.43
6,Auditorium Plaza,AUD-01,AUDITORIUM,1000,2026-09-25T02:00:00+00:00,2,4,25,9,0,124,12.4,LOW,Synthetic/Simulation Data — For Academic Demonstration,73,70,70.7,7.3
7,Food Court Square,CAN-01,CANTEEN,550,2026-09-25T02:00:00+00:00,2,4,25,9,0,39,7.09,LOW,Synthetic/Simulation Data — For Academic Demonstration,11,16,12.7,2.0
8,Sports Arena Entrance,SPT-01,SPORTS,450,2026-09-25T02:00:00+00:00,2,4,25,9,0,73,16.22,LOW,Synthetic/Simulation Data — For Academic Demonstration,52,35,35.0,11.56
9,Alpha Hostel Quad,HST-01,HOSTEL,500,2026-09-25T02:00:00+00:00,2,4,25,9,0,503,100.6,CRITICAL,Synthetic/Simulation Data — For Academic Demonstration,447,493,477.0,89.4
10,Beta Hostel Quad,HST-02,HOSTEL,500,2026-09-25T02:00:00+00:00,2,4,25,9,0,487,97.4,CRITICAL,Synthetic/Simulation Data — For Academic Demonstration,493,525,485.0,98.6
11,Research Park Hub,RES-01,LAB,350,2026-09-25T02:00:00+00:00,2,4,25,9,0,7,2.0,LOW,Synthetic/Simulation Data — For Academic Demonstration,24,15,16.7,6.86
12,Health Center Entrance,MED-01,MEDICAL,150,2026-09-25T02:00:00+00:00,2,4,25,9,0,6,4.0,LOW,Synthetic/Simulation Data — For Academic Demonstration,10,21,16.7,6.67
1,Admin Complex Hub,ADM-01,ADMIN,300,2026-09-25T03:00:00+00:00,3,4,25,9,0,12,4.0,LOW,Synthetic/Simulation Data — For Academic Demonstration,15,18,17.3,5.0
2,CS & AI Complex Hub,CS-01,ACADEMIC,800,2026-09-25T03:00:00+00:00,3,4,25,9,0,35,4.38,LOW,Synthetic/Simulation Data — For Academic Demonstration,16,24,18.7,2.0
3,Electrical Sciences Hub,EE-01,ACADEMIC,650,2026-09-25T03:00:00+00:00,3,4,25,9,0,13,2.0,LOW,Synthetic/Simulation Data — For Academic Demonstration,37,18,22.7,5.69
4,Mechanical Quad Hub,ME-01,ACADEMIC,600,2026-09-25T03:00:00+00:00,3,4,25,9,0,13,2.17,LOW,Synthetic/Simulation Data — For Academic Demonstration,13,16,34.0,2.17
5,Central Library Plaza,LIB-01,LIBRARY,700,2026-09-25T03:00:00+00:00,3,4,25,9,0,14,2.0,LOW,Synthetic/Simulation Data — For Academic Demonstration,14,24,35.7,2.0
6,Auditorium Plaza,AUD-01,AUDITORIUM,1000,2026-09-25T03:00:00+00:00,3,4,25,9,0,120,12.0,LOW,Synthetic/Simulation Data — For Academic Demonstration,124,73,89.0,12.4
7,Food Court Square,CAN-01,CANTEEN,550,2026-09-25T03:00:00+00:00,3,4,25,9,0,11,2.0,LOW,Synthetic/Simulation Data — For Academic Demonstration,39,11,22.0,7.09
8,Sports Arena Entrance,SPT-01,SPORTS,450,2026-09-25T03:00:00+00:00,3,4,25,9,0,44,9.78,LOW,Synthetic/Simulation Data — For Academic Demonstration,73,52,53.3,16.22
9,Alpha Hostel Quad,HST-01,HOSTEL,500,2026-09-25T03:00:00+00:00,3,4,25,9,0,492,98.4,CRITICAL,Synthetic/Simulation Data — For Academic Demonstration,503,447,481.0,100.6
10,Beta Hostel Quad,HST-02,HOSTEL,500,2026-09-25T03:00:00+00:00,3,4,25,9,0,476,95.2,CRITICAL,Synthetic/Simulation Data — For Academic Demonstration,487,493,501.7,97.4
11,Research Park Hub,RES-01,LAB,350,2026-09-25T03:00:00+00:00,3,4,25,9,0,7,2.0,LOW,Synthetic/Simulation Data — For Academic Demonstration,7,24,15.3,2.0
12,Health Center Entrance,MED-01,MEDICAL,150,2026-09-25T03:00:00+00:00,3,4,25,9,0,24,16.0,LOW,Synthetic/Simulation Data — For Academic Demonstration,6,10,12.3,4.0
1,Admin Complex Hub,ADM-01,ADMIN,300,2026-09-25T04:00:00+00:00,4,4,25,9,0,6,2.0,LOW,Synthetic/Simulation Data — For Academic Demonstration,12,15,15.0,4.0
2,CS & AI Complex Hub,CS-01,ACADEMIC,800,2026-09-25T04:00:00+00:00,4,4,25,9,0,106,13.25,LOW,Synthetic/Simulation Data — For Academic Demonstration,35,16,25.0,4.38
3,Electrical Sciences Hub,EE-01,ACADEMIC,650,2026-09-25T04:00:00+00:00,4,4,25,9,0,13,2.0,LOW,Synthetic/Simulation Data — For Academic Demonstration,13,37,22.7,2.0
4,Mechanical Quad Hub,ME-01,ACADEMIC,600,2026-09-25T04:00:00+00:00,4,4,25,9,0,12,2.0,LOW,Synthetic/Simulation Data — For Academic Demonstration,13,13,14.0,2.17
5,Central Library Plaza,LIB-01,LIBRARY,700,2026-09-25T04:00:00+00:00,4,4,25,9,0,14,2.0,LOW,Synthetic/Simulation Data — For Academic Demonstration,14,14,17.3,2.0
6,Auditorium Plaza,AUD-01,AUDITORIUM,1000,2026-09-25T04:00:00+00:00,4,4,25,9,0,94,9.4,LOW,Synthetic/Simulation Data — For Academic Demonstration,120,124,105.7,12.0
7,Food Court Square,CAN-01,CANTEEN,550,2026-09-25T04:00:00+00:00,4,4,25,9,0,11,2.0,LOW,Synthetic/Simulation Data — For Academic Demonstration,11,39,20.3,2.0
8,Sports Arena Entrance,SPT-01,SPORTS,450,2026-09-25T04:00:00+00:00,4,4,25,9,0,35,7.78,LOW,Synthetic/Simulation Data — For Academic Demonstration,44,73,56.3,9.78
9,Alpha Hostel Quad,HST-01,HOSTEL,500,2026-09-25T04:00:00+00:00,4,4,25,9,0,442,88.4,HIGH,Synthetic/Simulation Data — For Academic Demonstration,492,503,480.7,98.4
10,Beta Hostel Quad,HST-02,HOSTEL,500,2026-09-25T04:00:00+00:00,4,4,25,9,0,449,89.8,HIGH,Synthetic/Simulation Data — For Academic Demonstration,476,487,485.3,95.2
11,Research Park Hub,RES-01,LAB,350,2026-09-25T04:00:00+00:00,4,4,25,9,0,44,12.57,LOW,Synthetic/Simulation Data — For Academic Demonstration,7,7,12.7,2.0
12,Health Center Entrance,MED-01,MEDICAL,150,2026-09-25T04:00:00+00:00,4,4,25,9,0,13,8.67,LOW,Synthetic/Simulation Data — For Academic Demonstration,24,6,13.3,16.0
1,Admin Complex Hub,ADM-01,ADMIN,300,2026-09-25T05:00:00+00:00,5,4,25,9,0,10,3.33,LOW,Synthetic/Simulation Data — For Academic Demonstration,6,12,11.0,2.0
2,CS & AI Complex Hub,CS-01,ACADEMIC,800,2026-09-25T05:00:00+00:00,5,4,25,9,0,16,2.0,LOW,Synthetic/Simulation Data — For Academic Demonstration,106,35,52.3,13.25
3,Electrical Sciences Hub,EE-01,ACADEMIC,650,2026-09-25T05:00:00+00:00,5,4,25,9,0,32,4.92,LOW,Synthetic/Simulation Data — For Academic Demonstration,13,13,21.0,2.0
4,Mechanical Quad Hub,ME-01,ACADEMIC,600,2026-09-25T05:00:00+00:00,5,4,25,9,0,12,2.0,LOW,Synthetic/Simulation Data — For Academic Demonstration,12,13,12.7,2.0
5,Central Library Plaza,LIB-01,LIBRARY,700,2026-09-25T05:00:00+00:00,5,4,25,9,0,25,3.57,LOW,Synthetic/Simulation Data — For Academic Demonstration,14,14,14.0,2.0
6,Auditorium Plaza,AUD-01,AUDITORIUM,1000,2026-09-25T05:00:00+00:00,5,4,25,9,0,160,16.0,LOW,Synthetic/Simulation Data — For Academic Demonstration,94,120,112.7,9.4
7,Food Court Square,CAN-01,CANTEEN,550,2026-09-25T05:00:00+00:00,5,4,25,9,0,11,2.0,LOW,Synthetic/Simulation Data — For Academic Demonstration,11,11,20.3,2.0
8,Sports Arena Entrance,SPT-01,SPORTS,450,2026-09-25T05:00:00+00:00,5,4,25,9,0,79,17.56,LOW,Synthetic/Simulation Data — For Academic Demonstration,35,44,50.7,7.78
9,Alpha Hostel Quad,HST-01,HOSTEL,500,2026-09-25T05:00:00+00:00,5,4,25,9,0,451,90.2,CRITICAL,Synthetic/Simulation Data — For Academic Demonstration,442,492,479.0,88.4
10,Beta Hostel Quad,HST-02,HOSTEL,500,2026-09-25T05:00:00+00:00,5,4,25,9,0,451,90.2,CRITICAL,Synthetic/Simulation Data — For Academic Demonstration,449,476,470.7,89.8
11,Research Park Hub,RES-01,LAB,350,2026-09-25T05:00:00+00:00,5,4,25,9,0,7,2.0,LOW,Synthetic/Simulation Data — For Academic Demonstration,44,7,19.3,12.57
12,Health Center Entrance,MED-01,MEDICAL,150,2026-09-25T05:00:00+00:00,5,4,25,9,0,13,8.67,LOW,Synthetic/Simulation Data — For Academic Demonstration,13,24,14.3,8.67
1,Admin Complex Hub,ADM-01,ADMIN,300,2026-09-25T06:00:00+00:00,6,4,25,9,0,11,3.67,LOW,Synthetic/Simulation Data — For Academic Demonstration,10,6,9.3,3.33
2,CS & AI Complex Hub,CS-01,ACADEMIC,800,2026-09-25T06:00:00+00:00,6,4,25,9,0,54,6.75,LOW,Synthetic/Simulation Data — For Academic Demonstration,16,106,52.3,2.0
3,Electrical Sciences Hub,EE-01,ACADEMIC,650,2026-09-25T06:00:00+00:00,6,4,25,9,0,32,4.92,LOW,Synthetic/Simulation Data — For Academic Demonstration,32,13,19.3,4.92
4,Mechanical Quad Hub,ME-01,ACADEMIC,600,2026-09-25T06:00:00+00:00,6,4,25,9,0,12,2.0,LOW,Synthetic/Simulation Data — For Academic Demonstration,12,12,12.3,2.0
5,Central Library Plaza,LIB-01,LIBRARY,700,2026-09-25T06:00:00+00:00,6,4,25,9,0,36,5.14,LOW,Synthetic/Simulation Data — For Academic Demonstration,25,14,17.7,3.57
6,Auditorium Plaza,AUD-01,AUDITORIUM,1000,2026-09-25T06:00:00+00:00,6,4,25,9,0,74,7.4,LOW,Synthetic/Simulation Data — For Academic Demonstration,160,94,124.7,16.0
7,Food Court Square,CAN-01,CANTEEN,550,2026-09-25T06:00:00+00:00,6,4,25,9,0,43,7.82,LOW,Synthetic/Simulation Data — For Academic Demonstration,11,11,11.0,2.0
8,Sports Arena Entrance,SPT-01,SPORTS,450,2026-09-25T06:00:00+00:00,6,4,25,9,0,242,53.78,MEDIUM,Synthetic/Simulation Data — For Academic Demonstration,79,35,52.7,17.56
9,Alpha Hostel Quad,HST-01,HOSTEL,500,2026-09-25T06:00:00+00:00,6,4,25,9,0,441,88.2,HIGH,Synthetic/Simulation Data — For Academic Demonstration,451,442,461.7,90.2
10,Beta Hostel Quad,HST-02,HOSTEL,500,2026-09-25T06:00:00+00:00,6,4,25,9,0,427,85.4,HIGH,Synthetic/Simulation Data — For Academic Demonstration,451,449,458.7,90.2
11,Research Park Hub,RES-01,LAB,350,2026-09-25T06:00:00+00:00,6,4,25,9,0,26,7.43,LOW,Synthetic/Simulation Data — For Academic Demonstration,7,44,19.3,2.0
12,Health Center Entrance,MED-01,MEDICAL,150,2026-09-25T06:00:00+00:00,6,4,25,9,0,23,15.33,LOW,Synthetic/Simulation Data — For Academic Demonstration,13,13,16.7,8.67
1,Admin Complex Hub,ADM-01,ADMIN,300,2026-09-25T07:00:00+00:00,7,4,25,9,0,6,2.0,LOW,Synthetic/Simulation Data — For Academic Demonstration,11,10,9.0,3.67
2,CS & AI Complex Hub,CS-01,ACADEMIC,800,2026-09-25T07:00:00+00:00,7,4,25,9,0,16,2.0,LOW,Synthetic/Simulation Data — For Academic Demonstration,54,16,58.7,6.75
3,Electrical Sciences Hub,EE-01,ACADEMIC,650,2026-09-25T07:00:00+00:00,7,4,25,9,0,13,2.0,LOW,Synthetic/Simulation Data — For Academic Demonstration,32,32,25.7,4.92
4,Mechanical Quad Hub,ME-01,ACADEMIC,600,2026-09-25T07:00:00+00:00,7,4,25,9,0,19,3.17,LOW,Synthetic/Simulation Data — For Academic Demonstration,12,12,12.0,2.0
5,Central Library Plaza,LIB-01,LIBRARY,700,2026-09-25T07:00:00+00:00,7,4,25,9,0,82,11.71,LOW,Synthetic/Simulation Data — For Academic Demonstration,36,25,25.0,5.14
6,Auditorium Plaza,AUD-01,AUDITORIUM,1000,2026-09-25T07:00:00+00:00,7,4,25,9,0,144,14.4,LOW,Synthetic/Simulation Data — For Academic Demonstration,74,160,109.3,7.4
7,Food Court Square,CAN-01,CANTEEN,550,2026-09-25T07:00:00+00:00,7,4,25,9,0,252,45.82,MEDIUM,Synthetic/Simulation Data — For Academic Demonstration,43,11,21.7,7.82
8,Sports Arena Entrance,SPT-01,SPORTS,450,2026-09-25T07:00:00+00:00,7,4,25,9,0,195,43.33,MEDIUM,Synthetic/Simulation Data — For Academic Demonstration,242,79,118.7,53.78
9,Alpha Hostel Quad,HST-01,HOSTEL,500,2026-09-25T07:00:00+00:00,7,4,25,9,0,425,85.0,HIGH,Synthetic/Simulation Data — For Academic Demonstration,441,451,444.7,88.2
10,Beta Hostel Quad,HST-02,HOSTEL,500,2026-09-25T07:00:00+00:00,7,4,25,9,0,431,86.2,HIGH,Synthetic/Simulation Data — For Academic Demonstration,427,451,442.3,85.4
11,Research Park Hub,RES-01,LAB,350,2026-09-25T07:00:00+00:00,7,4,25,9,0,14,4.0,LOW,Synthetic/Simulation Data — For Academic Demonstration,26,7,25.7,7.43
12,Health Center Entrance,MED-01,MEDICAL,150,2026-09-25T07:00:00+00:00,7,4,25,9,0,18,12.0,LOW,Synthetic/Simulation Data — For Academic Demonstration,23,13,16.3,15.33
1,Admin Complex Hub,ADM-01,ADMIN,300,2026-09-25T08:00:00+00:00,8,4,25,9,0,13,4.33,LOW,Synthetic/Simulation Data — For Academic Demonstration,6,11,9.0,2.0
2,CS & AI Complex Hub,CS-01,ACADEMIC,800,2026-09-25T08:00:00+00:00,8,4,25,9,0,545,68.12,MEDIUM,Synthetic/Simulation Data — For Academic Demonstration,16,54,28.7,2.0
3,Electrical Sciences Hub,EE-01,ACADEMIC,650,2026-09-25T08:00:00+00:00,8,4,25,9,0,443,68.15,MEDIUM,Synthetic/Simulation Data — For Academic Demonstration,13,32,25.7,2.0
4,Mechanical Quad Hub,ME-01,ACADEMIC,600,2026-09-25T08:00:00+00:00,8,4,25,9,0,421,70.17,HIGH,Synthetic/Simulation Data — For Academic Demonstration,19,12,14.3,3.17
5,Central Library Plaza,LIB-01,LIBRARY,700,2026-09-25T08:00:00+00:00,8,4,25,9,0,254,36.29,LOW,Synthetic/Simulation Data — For Academic Demonstration,82,36,47.7,11.71
6,Auditorium Plaza,AUD-01,AUDITORIUM,1000,2026-09-25T08:00:00+00:00,8,4,25,9,0,144,14.4,LOW,Synthetic/Simulation Data — For Academic Demonstration,144,74,126.0,14.4
7,Food Court Square,CAN-01,CANTEEN,550,2026-09-25T08:00:00+00:00,8,4,25,9,0,352,64.0,MEDIUM,Synthetic/Simulation Data — For Academic Demonstration,252,43,102.0,45.82
8,Sports Arena Entrance,SPT-01,SPORTS,450,2026-09-25T08:00:00+00:00,8,4,25,9,0,259,57.56,MEDIUM,Synthetic/Simulation Data — For Academic Demonstration,195,242,172.0,43.33
9,Alpha Hostel Quad,HST-01,HOSTEL,500,2026-09-25T08:00:00+00:00,8,4,25,9,0,64,12.8,LOW,Synthetic/Simulation Data — For Academic Demonstration,425,441,439.0,85.0
10,Beta Hostel Quad,HST-02,HOSTEL,500,2026-09-25T08:00:00+00:00,8,4,25,9,0,74,14.8,LOW,Synthetic/Simulation Data — For Academic Demonstration,431,427,436.3,86.2
11,Research Park Hub,RES-01,LAB,350,2026-09-25T08:00:00+00:00,8,4,25,9,0,249,71.14,HIGH,Synthetic/Simulation Data — For Academic Demonstration,14,26,15.7,4.0
12,Health Center Entrance,MED-01,MEDICAL,150,2026-09-25T08:00:00+00:00,8,4,25,9,0,55,36.67,LOW,Synthetic/Simulation Data — For Academic Demonstration,18,23,18.0,12.0
1,Admin Complex Hub,ADM-01,ADMIN,300,2026-09-25T09:00:00+00:00,9,4,25,9,0,155,51.67,MEDIUM,Synthetic/Simulation Data — For Academic Demonstration,13,6,10.0,4.33
2,CS & AI Complex Hub,CS-01,ACADEMIC,800,2026-09-25T09:00:00+00:00,9,4,25,9,0,698,87.25,HIGH,Synthetic/Simulation Data — For Academic Demonstration,545,16,205.0,68.12
3,Electrical Sciences Hub,EE-01,ACADEMIC,650,2026-09-25T09:00:00+00:00,9,4,25,9,0,545,83.85,HIGH,Synthetic/Simulation Data — For Academic Demonstration,443,13,162.7,68.15
4,Mechanical Quad Hub,ME-01,ACADEMIC,600,2026-09-25T09:00:00+00:00,9,4,25,9,0,443,73.83,HIGH,Synthetic/Simulation Data — For Academic Demonstration,421,19,150.7,70.17
5,Central Library Plaza,LIB-01,LIBRARY,700,2026-09-25T09:00:00+00:00,9,4,25,9,0,307,43.86,MEDIUM,Synthetic/Simulation Data — For Academic Demonstration,254,82,124.0,36.29
6,Auditorium Plaza,AUD-01,AUDITORIUM,1000,2026-09-25T09:00:00+00:00,9,4,25,9,0,107,10.7,LOW,Synthetic/Simulation Data — For Academic Demonstration,144,144,120.7,14.4
7,Food Court Square,CAN-01,CANTEEN,550,2026-09-25T09:00:00+00:00,9,4,25,9,0,66,12.0,LOW,Synthetic/Simulation Data — For Academic Demonstration,352,252,215.7,64.0
8,Sports Arena Entrance,SPT-01,SPORTS,450,2026-09-25T09:00:00+00:00,9,4,25,9,0,36,8.0,LOW,Synthetic/Simulation Data — For Academic Demonstration,259,195,232.0,57.56
9,Alpha Hostel Quad,HST-01,HOSTEL,500,2026-09-25T09:00:00+00:00,9,4,25,9,0,77,15.4,LOW,Synthetic/Simulation Data — For Academic Demonstration,64,425,310.0,12.8
10,Beta Hostel Quad,HST-02,HOSTEL,500,2026-09-25T09:00:00+00:00,9,4,25,9,0,72,14.4,LOW,Synthetic/Simulation Data — For Academic Demonstration,74,431,310.7,14.8
11,Research Park Hub,RES-01,LAB,350,2026-09-25T09:00:00+00:00,9,4,25,9,0,290,82.86,HIGH,Synthetic/Simulation Data — For Academic Demonstration,249,14,96.3,71.14
12,Health Center Entrance,MED-01,MEDICAL,150,2026-09-25T09:00:00+00:00,9,4,25,9,0,72,48.0,MEDIUM,Synthetic/Simulation Data — For Academic Demonstration,55,18,32.0,36.67
1,Admin Complex Hub,ADM-01,ADMIN,300,2026-09-25T10:00:00+00:00,10,4,25,9,0,194,64.67,MEDIUM,Synthetic/Simulation Data — For Academic Demonstration,155,13,58.0,51.67
2,CS & AI Complex Hub,CS-01,ACADEMIC,800,2026-09-25T10:00:00+00:00,10,4,25,9,0,706,88.25,HIGH,Synthetic/Simulation Data — For Academic Demonstration,698,545,419.7,87.25
3,Electrical Sciences Hub,EE-01,ACADEMIC,650,2026-09-25T10:00:00+00:00,10,4,25,9,0,534,82.15,HIGH,Synthetic/Simulation Data — For Academic Demonstration,545,443,333.7,83.85
4,Mechanical Quad Hub,ME-01,ACADEMIC,600,2026-09-25T10:00:00+00:00,10,4,25,9,0,526,87.67,HIGH,Synthetic/Simulation Data — For Academic Demonstration,443,421,294.3,73.83
5,Central Library Plaza,LIB-01,LIBRARY,700,2026-09-25T10:00:00+00:00,10,4,25,9,0,372,53.14,MEDIUM,Synthetic/Simulation Data — For Academic Demonstration,307,254,214.3,43.86
6,Auditorium Plaza,AUD-01,AUDITORIUM,1000,2026-09-25T10:00:00+00:00,10,4,25,9,0,129,12.9,LOW,Synthetic/Simulation Data — For Academic Demonstration,107,144,131.7,10.7
7,Food Court Square,CAN-01,CANTEEN,550,2026-09-25T10:00:00+00:00,10,4,25,9,0,129,23.45,LOW,Synthetic/Simulation Data — For Academic Demonstration,66,352,223.3,12.0
8,Sports Arena Entrance,SPT-01,SPORTS,450,2026-09-25T10:00:00+00:00,10,4,25,9,0,27,6.0,LOW,Synthetic/Simulation Data — For Academic Demonstration,36,259,163.3,8.0
9,Alpha Hostel Quad,HST-01,HOSTEL,500,2026-09-25T10:00:00+00:00,10,4,25,9,0,103,20.6,LOW,Synthetic/Simulation Data — For Academic Demonstration,77,64,188.7,15.4
10,Beta Hostel Quad,HST-02,HOSTEL,500,2026-09-25T10:00:00+00:00,10,4,25,9,0,86,17.2,LOW,Synthetic/Simulation Data — For Academic Demonstration,72,74,192.3,14.4
11,Research Park Hub,RES-01,LAB,350,2026-09-25T10:00:00+00:00,10,4,25,9,0,303,86.57,HIGH,Synthetic/Simulation Data — For Academic Demonstration,290,249,184.3,82.86
12,Health Center Entrance,MED-01,MEDICAL,150,2026-09-25T10:00:00+00:00,10,4,25,9,0,61,40.67,MEDIUM,Synthetic/Simulation Data — For Academic Demonstration,72,55,48.3,48.0
1,Admin Complex Hub,ADM-01,ADMIN,300,2026-09-25T11:00:00+00:00,11,4,25,9,0,191,63.67,MEDIUM,Synthetic/Simulation Data — For Academic Demonstration,194,155,120.7,64.67
2,CS & AI Complex Hub,CS-01,ACADEMIC,800,2026-09-25T11:00:00+00:00,11,4,25,9,0,623,77.88,HIGH,Synthetic/Simulation Data — For Academic Demonstration,706,698,649.7,88.25
3,Electrical Sciences Hub,EE-01,ACADEMIC,650,2026-09-25T11:00:00+00:00,11,4,25,9,0,497,76.46,HIGH,Synthetic/Simulation Data — For Academic Demonstration,534,545,507.3,82.15
4,Mechanical Quad Hub,ME-01,ACADEMIC,600,2026-09-25T11:00:00+00:00,11,4,25,9,0,494,82.33,HIGH,Synthetic/Simulation Data — For Academic Demonstration,526,443,463.3,87.67
5,Central Library Plaza,LIB-01,LIBRARY,700,2026-09-25T11:00:00+00:00,11,4,25,9,0,274,39.14,LOW,Synthetic/Simulation Data — For Academic Demonstration,372,307,311.0,53.14
6,Auditorium Plaza,AUD-01,AUDITORIUM,1000,2026-09-25T11:00:00+00:00,11,4,25,9,0,62,6.2,LOW,Synthetic/Simulation Data — For Academic Demonstration,129,107,126.7,12.9
7,Food Court Square,CAN-01,CANTEEN,550,2026-09-25T11:00:00+00:00,11,4,25,9,0,152,27.64,LOW,Synthetic/Simulation Data — For Academic Demonstration,129,66,182.3,23.45
8,Sports Arena Entrance,SPT-01,SPORTS,450,2026-09-25T11:00:00+00:00,11,4,25,9,0,58,12.89,LOW,Synthetic/Simulation Data — For Academic Demonstration,27,36,107.3,6.0
9,Alpha Hostel Quad,HST-01,HOSTEL,500,2026-09-25T11:00:00+00:00,11,4,25,9,0,136,27.2,LOW,Synthetic/Simulation Data — For Academic Demonstration,103,77,81.3,20.6
10,Beta Hostel Quad,HST-02,HOSTEL,500,2026-09-25T11:00:00+00:00,11,4,25,9,0,93,18.6,LOW,Synthetic/Simulation Data — For Academic Demonstration,86,72,77.3,17.2
11,Research Park Hub,RES-01,LAB,350,2026-09-25T11:00:00+00:00,11,4,25,9,0,294,84.0,HIGH,Synthetic/Simulation Data — For Academic Demonstration,303,290,280.7,86.57
12,Health Center Entrance,MED-01,MEDICAL,150,2026-09-25T11:00:00+00:00,11,4,25,9,0,76,50.67,MEDIUM,Synthetic/Simulation Data — For Academic Demonstration,61,72,62.7,40.67
1,Admin Complex Hub,ADM-01,ADMIN,300,2026-09-25T12:00:00+00:00,12,4,25,9,0,203,67.67,MEDIUM,Synthetic/Simulation Data — For Academic Demonstration,191,194,180.0,63.67
2,CS & AI Complex Hub,CS-01,ACADEMIC,800,2026-09-25T12:00:00+00:00,12,4,25,9,0,257,32.12,LOW,Synthetic/Simulation Data — For Academic Demonstration,623,706,675.7,77.88
3,Electrical Sciences Hub,EE-01,ACADEMIC,650,2026-09-25T12:00:00+00:00,12,4,25,9,0,209,32.15,LOW,Synthetic/Simulation Data — For Academic Demonstration,497,534,525.3,76.46
4,Mechanical Quad Hub,ME-01,ACADEMIC,600,2026-09-25T12:00:00+00:00,12,4,25,9,0,222,37.0,LOW,Synthetic/Simulation Data — For Academic Demonstration,494,526,487.7,82.33
5,Central Library Plaza,LIB-01,LIBRARY,700,2026-09-25T12:00:00+00:00,12,4,25,9,0,427,61.0,MEDIUM,Synthetic/Simulation Data — For Academic Demonstration,274,372,317.7,39.14
6,Auditorium Plaza,AUD-01,AUDITORIUM,1000,2026-09-25T12:00:00+00:00,12,4,25,9,0,144,14.4,LOW,Synthetic/Simulation Data — For Academic Demonstration,62,129,99.3,6.2
7,Food Court Square,CAN-01,CANTEEN,550,2026-09-25T12:00:00+00:00,12,4,25,9,0,486,88.36,HIGH,Synthetic/Simulation Data — For Academic Demonstration,152,129,115.7,27.64
8,Sports Arena Entrance,SPT-01,SPORTS,450,2026-09-25T12:00:00+00:00,12,4,25,9,0,49,10.89,LOW,Synthetic/Simulation Data — For Academic Demonstration,58,27,40.3,12.89
9,Alpha Hostel Quad,HST-01,HOSTEL,500,2026-09-25T12:00:00+00:00,12,4,25,9,0,126,25.2,LOW,Synthetic/Simulation Data — For Academic Demonstration,136,103,105.3,27.2
10,Beta Hostel Quad,HST-02,HOSTEL,500,2026-09-25T12:00:00+00:00,12,4,25,9,0,134,26.8,LOW,Synthetic/Simulation Data — For Academic Demonstration,93,86,83.7,18.6
11,Research Park Hub,RES-01,LAB,350,2026-09-25T12:00:00+00:00,12,4,25,9,0,116,33.14,LOW,Synthetic/Simulation Data — For Academic Demonstration,294,303,295.7,84.0
12,Health Center Entrance,MED-01,MEDICAL,150,2026-09-25T12:00:00+00:00,12,4,25,9,0,74,49.33,MEDIUM,Synthetic/Simulation Data — For Academic Demonstration,76,61,69.7,50.67
1,Admin Complex Hub,ADM-01,ADMIN,300,2026-09-25T13:00:00+00:00,13,4,25,9,0,203,67.67,MEDIUM,Synthetic/Simulation Data — For Academic Demonstration,203,191,196.0,67.67
2,CS & AI Complex Hub,CS-01,ACADEMIC,800,2026-09-25T13:00:00+00:00,13,4,25,9,0,302,37.75,LOW,Synthetic/Simulation Data — For Academic Demonstration,257,623,528.7,32.12
3,Electrical Sciences Hub,EE-01,ACADEMIC,650,2026-09-25T13:00:00+00:00,13,4,25,9,0,222,34.15,LOW,Synthetic/Simulation Data — For Academic Demonstration,209,497,413.3,32.15
4,Mechanical Quad Hub,ME-01,ACADEMIC,600,2026-09-25T13:00:00+00:00,13,4,25,9,0,239,39.83,LOW,Synthetic/Simulation Data — For Academic Demonstration,222,494,414.0,37.0
5,Central Library Plaza,LIB-01,LIBRARY,700,2026-09-25T13:00:00+00:00,13,4,25,9,0,521,74.43,HIGH,Synthetic/Simulation Data — For Academic Demonstration,427,274,357.7,61.0
6,Auditorium Plaza,AUD-01,AUDITORIUM,1000,2026-09-25T13:00:00+00:00,13,4,25,9,0,93,9.3,LOW,Synthetic/Simulation Data — For Academic Demonstration,144,62,111.7,14.4
7,Food Court Square,CAN-01,CANTEEN,550,2026-09-25T13:00:00+00:00,13,4,25,9,0,507,92.18,CRITICAL,Synthetic/Simulation Data — For Academic Demonstration,486,152,255.7,88.36
8,Sports Arena Entrance,SPT-01,SPORTS,450,2026-09-25T13:00:00+00:00,13,4,25,9,0,35,7.78,LOW,Synthetic/Simulation Data — For Academic Demonstration,49,58,44.7,10.89
9,Alpha Hostel Quad,HST-01,HOSTEL,500,2026-09-25T13:00:00+00:00,13,4,25,9,0,104,20.8,LOW,Synthetic/Simulation Data — For Academic Demonstration,126,136,121.7,25.2
10,Beta Hostel Quad,HST-02,HOSTEL,500,2026-09-25T13:00:00+00:00,13,4,25,9,0,99,19.8,LOW,Synthetic/Simulation Data — For Academic Demonstration,134,93,104.3,26.8
11,Research Park Hub,RES-01,LAB,350,2026-09-25T13:00:00+00:00,13,4,25,9,0,139,39.71,LOW,Synthetic/Simulation Data — For Academic Demonstration,116,294,237.7,33.14
12,Health Center Entrance,MED-01,MEDICAL,150,2026-09-25T13:00:00+00:00,13,4,25,9,0,117,78.0,HIGH,Synthetic/Simulation Data — For Academic Demonstration,74,76,70.3,49.33
1,Admin Complex Hub,ADM-01,ADMIN,300,2026-09-25T14:00:00+00:00,14,4,25,9,0,176,58.67,MEDIUM,Synthetic/Simulation Data — For Academic Demonstration,203,203,199.0,67.67
2,CS & AI Complex Hub,CS-01,ACADEMIC,800,2026-09-25T14:00:00+00:00,14,4,25,9,0,577,72.12,HIGH,Synthetic/Simulation Data — For Academic Demonstration,302,257,394.0,37.75
3,Electrical Sciences Hub,EE-01,ACADEMIC,650,2026-09-25T14:00:00+00:00,14,4,25,9,0,496,76.31,HIGH,Synthetic/Simulation Data — For Academic Demonstration,222,209,309.3,34.15
4,Mechanical Quad Hub,ME-01,ACADEMIC,600,2026-09-25T14:00:00+00:00,14,4,25,9,0,470,78.33,HIGH,Synthetic/Simulation Data — For Academic Demonstration,239,222,318.3,39.83
5,Central Library Plaza,LIB-01,LIBRARY,700,2026-09-25T14:00:00+00:00,14,4,25,9,0,509,72.71,HIGH,Synthetic/Simulation Data — For Academic Demonstration,521,427,407.3,74.43
6,Auditorium Plaza,AUD-01,AUDITORIUM,1000,2026-09-25T14:00:00+00:00,14,4,25,9,0,779,77.9,HIGH,Synthetic/Simulation Data — For Academic Demonstration,93,144,99.7,9.3
7,Food Court Square,CAN-01,CANTEEN,550,2026-09-25T14:00:00+00:00,14,4,25,9,0,11,2.0,LOW,Synthetic/Simulation Data — For Academic Demonstration,507,486,381.7,92.18
8,Sports Arena Entrance,SPT-01,SPORTS,450,2026-09-25T14:00:00+00:00,14,4,25,9,0,22,4.89,LOW,Synthetic/Simulation Data — For Academic Demonstration,35,49,47.3,7.78
9,Alpha Hostel Quad,HST-01,HOSTEL,500,2026-09-25T14:00:00+00:00,14,4,25,9,0,117,23.4,LOW,Synthetic/Simulation Data — For Academic Demonstration,104,126,122.0,20.8
10,Beta Hostel Quad,HST-02,HOSTEL,500,2026-09-25T14:00:00+00:00,14,4,25,9,0,64,12.8,LOW,Synthetic/Simulation Data — For Academic Demonstration,99,134,108.7,19.8
11,Research Park Hub,RES-01,LAB,350,2026-09-25T14:00:00+00:00,14,4,25,9,0,270,77.14,HIGH,Synthetic/Simulation Data — For Academic Demonstration,139,116,183.0,39.71
12,Health Center Entrance,MED-01,MEDICAL,150,2026-09-25T14:00:00+00:00,14,4,25,9,0,79,52.67,MEDIUM,Synthetic/Simulation Data — For Academic Demonstration,117,74,89.0,78.0
1,Admin Complex Hub,ADM-01,ADMIN,300,2026-09-25T15:00:00+00:00,15,4,25,9,0,186,62.0,MEDIUM,Synthetic/Simulation Data — For Academic Demonstration,176,203,194.0,58.67
2,CS & AI Complex Hub,CS-01,ACADEMIC,800,2026-09-25T15:00:00+00:00,15,4,25,9,0,701,87.62,HIGH,Synthetic/Simulation Data — For Academic Demonstration,577,302,378.7,72.12
3,Electrical Sciences Hub,EE-01,ACADEMIC,650,2026-09-25T15:00:00+00:00,15,4,25,9,0,602,92.62,CRITICAL,Synthetic/Simulation Data — For Academic Demonstration,496,222,309.0,76.31
4,Mechanical Quad Hub,ME-01,ACADEMIC,600,2026-09-25T15:00:00+00:00,15,4,25,9,0,506,84.33,HIGH,Synthetic/Simulation Data — For Academic Demonstration,470,239,310.3,78.33
5,Central Library Plaza,LIB-01,LIBRARY,700,2026-09-25T15:00:00+00:00,15,4,25,9,0,588,84.0,HIGH,Synthetic/Simulation Data — For Academic Demonstration,509,521,485.7,72.71
6,Auditorium Plaza,AUD-01,AUDITORIUM,1000,2026-09-25T15:00:00+00:00,15,4,25,9,0,936,93.6,CRITICAL,Synthetic/Simulation Data — For Academic Demonstration,779,93,338.7,77.9
7,Food Court Square,CAN-01,CANTEEN,550,2026-09-25T15:00:00+00:00,15,4,25,9,0,42,7.64,LOW,Synthetic/Simulation Data — For Academic Demonstration,11,507,334.7,2.0
8,Sports Arena Entrance,SPT-01,SPORTS,450,2026-09-25T15:00:00+00:00,15,4,25,9,0,61,13.56,LOW,Synthetic/Simulation Data — For Academic Demonstration,22,35,35.3,4.89
9,Alpha Hostel Quad,HST-01,HOSTEL,500,2026-09-25T15:00:00+00:00,15,4,25,9,0,31,6.2,LOW,Synthetic/Simulation Data — For Academic Demonstration,117,104,115.7,23.4
10,Beta Hostel Quad,HST-02,HOSTEL,500,2026-09-25T15:00:00+00:00,15,4,25,9,0,96,19.2,LOW,Synthetic/Simulation Data — For Academic Demonstration,64,99,99.0,12.8
11,Research Park Hub,RES-01,LAB,350,2026-09-25T15:00:00+00:00,15,4,25,9,0,312,89.14,HIGH,Synthetic/Simulation Data — For Academic Demonstration,270,139,175.0,77.14
12,Health Center Entrance,MED-01,MEDICAL,150,2026-09-25T15:00:00+00:00,15,4,25,9,0,75,50.0,MEDIUM,Synthetic/Simulation Data — For Academic Demonstration,79,117,90.0,52.67
1,Admin Complex Hub,ADM-01,ADMIN,300,2026-09-25T16:00:00+00:00,16,4,25,9,0,169,56.33,MEDIUM,Synthetic/Simulation Data — For Academic Demonstration,186,176,188.3,62.0
2,CS & AI Complex Hub,CS-01,ACADEMIC,800,2026-09-25T16:00:00+00:00,16,4,25,9,0,718,89.75,HIGH,Synthetic/Simulation Data — For Academic Demonstration,701,577,526.7,87.62
3,Electrical Sciences Hub,EE-01,ACADEMIC,650,2026-09-25T16:00:00+00:00,16,4,25,9,0,605,93.08,CRITICAL,Synthetic/Simulation Data — For Academic Demonstration,602,496,440.0,92.62
4,Mechanical Quad Hub,ME-01,ACADEMIC,600,2026-09-25T16:00:00+00:00,16,4,25,9,0,520,86.67,HIGH,Synthetic/Simulation Data — For Academic Demonstration,506,470,405.0,84.33
5,Central Library Plaza,LIB-01,LIBRARY,700,2026-09-25T16:00:00+00:00,16,4,25,9,0,524,74.86,HIGH,Synthetic/Simulation Data — For Academic Demonstration,588,509,539.3,84.0
6,Auditorium Plaza,AUD-01,AUDITORIUM,1000,2026-09-25T16:00:00+00:00,16,4,25,9,0,889,88.9,HIGH,Synthetic/Simulation Data — For Academic Demonstration,936,779,602.7,93.6
7,Food Court Square,CAN-01,CANTEEN,550,2026-09-25T16:00:00+00:00,16,4,25,9,0,353,64.18,MEDIUM,Synthetic/Simulation Data — For Academic Demonstration,42,11,186.7,7.64
8,Sports Arena Entrance,SPT-01,SPORTS,450,2026-09-25T16:00:00+00:00,16,4,25,9,0,57,12.67,LOW,Synthetic/Simulation Data — For Academic Demonstration,61,22,39.3,13.56
9,Alpha Hostel Quad,HST-01,HOSTEL,500,2026-09-25T16:00:00+00:00,16,4,25,9,0,96,19.2,LOW,Synthetic/Simulation Data — For Academic Demonstration,31,117,84.0,6.2
10,Beta Hostel Quad,HST-02,HOSTEL,500,2026-09-25T16:00:00+00:00,16,4,25,9,0,103,20.6,LOW,Synthetic/Simulation Data — For Academic Demonstration,96,64,86.3,19.2
11,Research Park Hub,RES-01,LAB,350,2026-09-25T16:00:00+00:00,16,4,25,9,0,307,87.71,HIGH,Synthetic/Simulation Data — For Academic Demonstration,312,270,240.3,89.14
12,Health Center Entrance,MED-01,MEDICAL,150,2026-09-25T16:00:00+00:00,16,4,25,9,0,63,42.0,MEDIUM,Synthetic/Simulation Data — For Academic Demonstration,75,79,90.3,50.0
1,Admin Complex Hub,ADM-01,ADMIN,300,2026-09-25T17:00:00+00:00,17,4,25,9,0,176,58.67,MEDIUM,Synthetic/Simulation Data — For Academic Demonstration,169,186,177.0,56.33
2,CS & AI Complex Hub,CS-01,ACADEMIC,800,2026-09-25T17:00:00+00:00,17,4,25,9,0,179,22.38,LOW,Synthetic/Simulation Data — For Academic Demonstration,718,701,665.3,89.75
3,Electrical Sciences Hub,EE-01,ACADEMIC,650,2026-09-25T17:00:00+00:00,17,4,25,9,0,158,24.31,LOW,Synthetic/Simulation Data — For Academic Demonstration,605,602,567.7,93.08
4,Mechanical Quad Hub,ME-01,ACADEMIC,600,2026-09-25T17:00:00+00:00,17,4,25,9,0,164,27.33,LOW,Synthetic/Simulation Data — For Academic Demonstration,520,506,498.7,86.67
5,Central Library Plaza,LIB-01,LIBRARY,700,2026-09-25T17:00:00+00:00,17,4,25,9,0,513,73.29,HIGH,Synthetic/Simulation Data — For Academic Demonstration,524,588,540.3,74.86
6,Auditorium Plaza,AUD-01,AUDITORIUM,1000,2026-09-25T17:00:00+00:00,17,4,25,9,0,795,79.5,HIGH,Synthetic/Simulation Data — For Academic Demonstration,889,936,868.0,88.9
7,Food Court Square,CAN-01,CANTEEN,550,2026-09-25T17:00:00+00:00,17,4,25,9,0,371,67.45,MEDIUM,Synthetic/Simulation Data — For Academic Demonstration,353,42,135.3,64.18
8,Sports Arena Entrance,SPT-01,SPORTS,450,2026-09-25T17:00:00+00:00,17,4,25,9,0,313,69.56,MEDIUM,Synthetic/Simulation Data — For Academic Demonstration,57,61,46.7,12.67
9,Alpha Hostel Quad,HST-01,HOSTEL,500,2026-09-25T17:00:00+00:00,17,4,25,9,0,215,43.0,MEDIUM,Synthetic/Simulation Data — For Academic Demonstration,96,31,81.3,19.2
10,Beta Hostel Quad,HST-02,HOSTEL,500,2026-09-25T17:00:00+00:00,17,4,25,9,0,265,53.0,MEDIUM,Synthetic/Simulation Data — For Academic Demonstration,103,96,87.7,20.6
11,Research Park Hub,RES-01,LAB,350,2026-09-25T17:00:00+00:00,17,4,25,9,0,84,24.0,LOW,Synthetic/Simulation Data — For Academic Demonstration,307,312,296.3,87.71
12,Health Center Entrance,MED-01,MEDICAL,150,2026-09-25T17:00:00+00:00,17,4,25,9,0,64,42.67,MEDIUM,Synthetic/Simulation Data — For Academic Demonstration,63,75,72.3,42.0
1,Admin Complex Hub,ADM-01,ADMIN,300,2026-09-25T18:00:00+00:00,18,4,25,9,0,13,4.33,LOW,Synthetic/Simulation Data — For Academic Demonstration,176,169,177.0,58.67
2,CS & AI Complex Hub,CS-01,ACADEMIC,800,2026-09-25T18:00:00+00:00,18,4,25,9,0,221,27.62,LOW,Synthetic/Simulation Data — For Academic Demonstration,179,718,532.7,22.38
3,Electrical Sciences Hub,EE-01,ACADEMIC,650,2026-09-25T18:00:00+00:00,18,4,25,9,0,123,18.92,LOW,Synthetic/Simulation Data — For Academic Demonstration,158,605,455.0,24.31
4,Mechanical Quad Hub,ME-01,ACADEMIC,600,2026-09-25T18:00:00+00:00,18,4,25,9,0,101,16.83,LOW,Synthetic/Simulation Data — For Academic Demonstration,164,520,396.7,27.33
5,Central Library Plaza,LIB-01,LIBRARY,700,2026-09-25T18:00:00+00:00,18,4,25,9,0,602,86.0,HIGH,Synthetic/Simulation Data — For Academic Demonstration,513,524,541.7,73.29
6,Auditorium Plaza,AUD-01,AUDITORIUM,1000,2026-09-25T18:00:00+00:00,18,4,25,9,0,20,2.0,LOW,Synthetic/Simulation Data — For Academic Demonstration,795,889,873.3,79.5
7,Food Court Square,CAN-01,CANTEEN,550,2026-09-25T18:00:00+00:00,18,4,25,9,0,11,2.0,LOW,Synthetic/Simulation Data — For Academic Demonstration,371,353,255.3,67.45
8,Sports Arena Entrance,SPT-01,SPORTS,450,2026-09-25T18:00:00+00:00,18,4,25,9,0,406,90.22,CRITICAL,Synthetic/Simulation Data — For Academic Demonstration,313,57,143.7,69.56
9,Alpha Hostel Quad,HST-01,HOSTEL,500,2026-09-25T18:00:00+00:00,18,4,25,9,0,307,61.4,MEDIUM,Synthetic/Simulation Data — For Academic Demonstration,215,96,114.0,43.0
10,Beta Hostel Quad,HST-02,HOSTEL,500,2026-09-25T18:00:00+00:00,18,4,25,9,0,302,60.4,MEDIUM,Synthetic/Simulation Data — For Academic Demonstration,265,103,154.7,53.0
11,Research Park Hub,RES-01,LAB,350,2026-09-25T18:00:00+00:00,18,4,25,9,0,50,14.29,LOW,Synthetic/Simulation Data — For Academic Demonstration,84,307,234.3,24.0
12,Health Center Entrance,MED-01,MEDICAL,150,2026-09-25T18:00:00+00:00,18,4,25,9,0,59,39.33,LOW,Synthetic/Simulation Data — For Academic Demonstration,64,63,67.3,42.67
1,Admin Complex Hub,ADM-01,ADMIN,300,2026-09-25T19:00:00+00:00,19,4,25,9,0,19,6.33,LOW,Synthetic/Simulation Data — For Academic Demonstration,13,176,119.3,4.33
2,CS & AI Complex Hub,CS-01,ACADEMIC,800,2026-09-25T19:00:00+00:00,19,4,25,9,0,124,15.5,LOW,Synthetic/Simulation Data — For Academic Demonstration,221,179,372.7,27.62
3,Electrical Sciences Hub,EE-01,ACADEMIC,650,2026-09-25T19:00:00+00:00,19,4,25,9,0,58,8.92,LOW,Synthetic/Simulation Data — For Academic Demonstration,123,158,295.3,18.92
4,Mechanical Quad Hub,ME-01,ACADEMIC,600,2026-09-25T19:00:00+00:00,19,4,25,9,0,49,8.17,LOW,Synthetic/Simulation Data — For Academic Demonstration,101,164,261.7,16.83
5,Central Library Plaza,LIB-01,LIBRARY,700,2026-09-25T19:00:00+00:00,19,4,25,9,0,686,98.0,CRITICAL,Synthetic/Simulation Data — For Academic Demonstration,602,513,546.3,86.0
6,Auditorium Plaza,AUD-01,AUDITORIUM,1000,2026-09-25T19:00:00+00:00,19,4,25,9,0,80,8.0,LOW,Synthetic/Simulation Data — For Academic Demonstration,20,795,568.0,2.0
7,Food Court Square,CAN-01,CANTEEN,550,2026-09-25T19:00:00+00:00,19,4,25,9,0,389,70.73,HIGH,Synthetic/Simulation Data — For Academic Demonstration,11,371,245.0,2.0
8,Sports Arena Entrance,SPT-01,SPORTS,450,2026-09-25T19:00:00+00:00,19,4,25,9,0,377,83.78,HIGH,Synthetic/Simulation Data — For Academic Demonstration,406,313,258.7,90.22
9,Alpha Hostel Quad,HST-01,HOSTEL,500,2026-09-25T19:00:00+00:00,19,4,25,9,0,326,65.2,MEDIUM,Synthetic/Simulation Data — For Academic Demonstration,307,215,206.0,61.4
10,Beta Hostel Quad,HST-02,HOSTEL,500,2026-09-25T19:00:00+00:00,19,4,25,9,0,317,63.4,MEDIUM,Synthetic/Simulation Data — For Academic Demonstration,302,265,223.3,60.4
11,Research Park Hub,RES-01,LAB,350,2026-09-25T19:00:00+00:00,19,4,25,9,0,41,11.71,LOW,Synthetic/Simulation Data — For Academic Demonstration,50,84,147.0,14.29
12,Health Center Entrance,MED-01,MEDICAL,150,2026-09-25T19:00:00+00:00,19,4,25,9,0,14,9.33,LOW,Synthetic/Simulation Data — For Academic Demonstration,59,64,62.0,39.33
1,Admin Complex Hub,ADM-01,ADMIN,300,2026-09-25T20:00:00+00:00,20,4,25,9,0,15,5.0,LOW,Synthetic/Simulation Data — For Academic Demonstration,19,13,69.3,6.33
2,CS & AI Complex Hub,CS-01,ACADEMIC,800,2026-09-25T20:00:00+00:00,20,4,25,9,0,16,2.0,LOW,Synthetic/Simulation Data — For Academic Demonstration,124,221,174.7,15.5
3,Electrical Sciences Hub,EE-01,ACADEMIC,650,2026-09-25T20:00:00+00:00,20,4,25,9,0,26,4.0,LOW,Synthetic/Simulation Data — For Academic Demonstration,58,123,113.0,8.92
4,Mechanical Quad Hub,ME-01,ACADEMIC,600,2026-09-25T20:00:00+00:00,20,4,25,9,0,81,13.5,LOW,Synthetic/Simulation Data — For Academic Demonstration,49,101,104.7,8.17
5,Central Library Plaza,LIB-01,LIBRARY,700,2026-09-25T20:00:00+00:00,20,4,25,9,0,632,90.29,CRITICAL,Synthetic/Simulation Data — For Academic Demonstration,686,602,600.3,98.0
6,Auditorium Plaza,AUD-01,AUDITORIUM,1000,2026-09-25T20:00:00+00:00,20,4,25,9,0,20,2.0,LOW,Synthetic/Simulation Data — For Academic Demonstration,80,20,298.3,8.0
7,Food Court Square,CAN-01,CANTEEN,550,2026-09-25T20:00:00+00:00,20,4,25,9,0,462,84.0,HIGH,Synthetic/Simulation Data — For Academic Demonstration,389,11,257.0,70.73
8,Sports Arena Entrance,SPT-01,SPORTS,450,2026-09-25T20:00:00+00:00,20,4,25,9,0,342,76.0,HIGH,Synthetic/Simulation Data — For Academic Demonstration,377,406,365.3,83.78
9,Alpha Hostel Quad,HST-01,HOSTEL,500,2026-09-25T20:00:00+00:00,20,4,25,9,0,310,62.0,MEDIUM,Synthetic/Simulation Data — For Academic Demonstration,326,307,282.7,65.2
10,Beta Hostel Quad,HST-02,HOSTEL,500,2026-09-25T20:00:00+00:00,20,4,25,9,0,334,66.8,MEDIUM,Synthetic/Simulation Data — For Academic Demonstration,317,302,294.7,63.4
11,Research Park Hub,RES-01,LAB,350,2026-09-25T20:00:00+00:00,20,4,25,9,0,7,2.0,LOW,Synthetic/Simulation Data — For Academic Demonstration,41,50,58.3,11.71
12,Health Center Entrance,MED-01,MEDICAL,150,2026-09-25T20:00:00+00:00,20,4,25,9,0,11,7.33,LOW,Synthetic/Simulation Data — For Academic Demonstration,14,59,45.7,9.33
1,Admin Complex Hub,ADM-01,ADMIN,300,2026-09-25T21:00:00+00:00,21,4,25,9,0,6,2.0,LOW,Synthetic/Simulation Data — For Academic Demonstration,15,19,15.7,5.0
2,CS & AI Complex Hub,CS-01,ACADEMIC,800,2026-09-25T21:00:00+00:00,21,4,25,9,0,38,4.75,LOW,Synthetic/Simulation Data — For Academic Demonstration,16,124,120.3,2.0
3,Electrical Sciences Hub,EE-01,ACADEMIC,650,2026-09-25T21:00:00+00:00,21,4,25,9,0,18,2.77,LOW,Synthetic/Simulation Data — For Academic Demonstration,26,58,69.0,4.0
4,Mechanical Quad Hub,ME-01,ACADEMIC,600,2026-09-25T21:00:00+00:00,21,4,25,9,0,17,2.83,LOW,Synthetic/Simulation Data — For Academic Demonstration,81,49,77.0,13.5
5,Central Library Plaza,LIB-01,LIBRARY,700,2026-09-25T21:00:00+00:00,21,4,25,9,0,603,86.14,HIGH,Synthetic/Simulation Data — For Academic Demonstration,632,686,640.0,90.29
6,Auditorium Plaza,AUD-01,AUDITORIUM,1000,2026-09-25T21:00:00+00:00,21,4,25,9,0,115,11.5,LOW,Synthetic/Simulation Data — For Academic Demonstration,20,80,40.0,2.0
7,Food Court Square,CAN-01,CANTEEN,550,2026-09-25T21:00:00+00:00,21,4,25,9,0,421,76.55,HIGH,Synthetic/Simulation Data — For Academic Demonstration,462,389,287.3,84.0
8,Sports Arena Entrance,SPT-01,SPORTS,450,2026-09-25T21:00:00+00:00,21,4,25,9,0,33,7.33,LOW,Synthetic/Simulation Data — For Academic Demonstration,342,377,375.0,76.0
9,Alpha Hostel Quad,HST-01,HOSTEL,500,2026-09-25T21:00:00+00:00,21,4,25,9,0,448,89.6,HIGH,Synthetic/Simulation Data — For Academic Demonstration,310,326,314.3,62.0
10,Beta Hostel Quad,HST-02,HOSTEL,500,2026-09-25T21:00:00+00:00,21,4,25,9,0,422,84.4,HIGH,Synthetic/Simulation Data — For Academic Demonstration,334,317,317.7,66.8
11,Research Park Hub,RES-01,LAB,350,2026-09-25T21:00:00+00:00,21,4,25,9,0,32,9.14,LOW,Synthetic/Simulation Data — For Academic Demonstration,7,41,32.7,2.0
12,Health Center Entrance,MED-01,MEDICAL,150,2026-09-25T21:00:00+00:00,21,4,25,9,0,7,4.67,LOW,Synthetic/Simulation Data — For Academic Demonstration,11,14,28.0,7.33
1,Admin Complex Hub,ADM-01,ADMIN,300,2026-09-25T22:00:00+00:00,22,4,25,9,0,29,9.67,LOW,Synthetic/Simulation Data — For Academic Demonstration,6,15,13.3,2.0
2,CS & AI Complex Hub,CS-01,ACADEMIC,800,2026-09-25T22:00:00+00:00,22,4,25,9,0,16,2.0,LOW,Synthetic/Simulation Data — For Academic Demonstration,38,16,59.3,4.75
3,Electrical Sciences Hub,EE-01,ACADEMIC,650,2026-09-25T22:00:00+00:00,22,4,25,9,0,34,5.23,LOW,Synthetic/Simulation Data — For Academic Demonstration,18,26,34.0,2.77
4,Mechanical Quad Hub,ME-01,ACADEMIC,600,2026-09-25T22:00:00+00:00,22,4,25,9,0,12,2.0,LOW,Synthetic/Simulation Data — For Academic Demonstration,17,81,49.0,2.83
5,Central Library Plaza,LIB-01,LIBRARY,700,2026-09-25T22:00:00+00:00,22,4,25,9,0,22,3.14,LOW,Synthetic/Simulation Data — For Academic Demonstration,603,632,640.3,86.14
6,Auditorium Plaza,AUD-01,AUDITORIUM,1000,2026-09-25T22:00:00+00:00,22,4,25,9,0,20,2.0,LOW,Synthetic/Simulation Data — For Academic Demonstration,115,20,71.7,11.5
7,Food Court Square,CAN-01,CANTEEN,550,2026-09-25T22:00:00+00:00,22,4,25,9,0,11,2.0,LOW,Synthetic/Simulation Data — For Academic Demonstration,421,462,424.0,76.55
8,Sports Arena Entrance,SPT-01,SPORTS,450,2026-09-25T22:00:00+00:00,22,4,25,9,0,44,9.78,LOW,Synthetic/Simulation Data — For Academic Demonstration,33,342,250.7,7.33
9,Alpha Hostel Quad,HST-01,HOSTEL,500,2026-09-25T22:00:00+00:00,22,4,25,9,0,455,91.0,CRITICAL,Synthetic/Simulation Data — For Academic Demonstration,448,310,361.3,89.6
10,Beta Hostel Quad,HST-02,HOSTEL,500,2026-09-25T22:00:00+00:00,22,4,25,9,0,445,89.0,HIGH,Synthetic/Simulation Data — For Academic Demonstration,422,334,357.7,84.4
11,Research Park Hub,RES-01,LAB,350,2026-09-25T22:00:00+00:00,22,4,25,9,0,15,4.29,LOW,Synthetic/Simulation Data — For Academic Demonstration,32,7,26.7,9.14
12,Health Center Entrance,MED-01,MEDICAL,150,2026-09-25T22:00:00+00:00,22,4,25,9,0,5,3.33,LOW,Synthetic/Simulation Data — For Academic Demonstration,7,11,10.7,4.67
1,Admin Complex Hub,ADM-01,ADMIN,300,2026-09-25T23:00:00+00:00,23,4,25,9,0,24,8.0,LOW,Synthetic/Simulation Data — For Academic Demonstration,29,6,16.7,9.67
2,CS & AI Complex Hub,CS-01,ACADEMIC,800,2026-09-25T23:00:00+00:00,23,4,25,9,0,59,7.38,LOW,Synthetic/Simulation Data — For Academic Demonstration,16,38,23.3,2.0
3,Electrical Sciences Hub,EE-01,ACADEMIC,650,2026-09-25T23:00:00+00:00,23,4,25,9,0,13,2.0,LOW,Synthetic/Simulation Data — For Academic Demonstration,34,18,26.0,5.23
4,Mechanical Quad Hub,ME-01,ACADEMIC,600,2026-09-25T23:00:00+00:00,23,4,25,9,0,12,2.0,LOW,Synthetic/Simulation Data — For Academic Demonstration,12,17,36.7,2.0
5,Central Library Plaza,LIB-01,LIBRARY,700,2026-09-25T23:00:00+00:00,23,4,25,9,0,14,2.0,LOW,Synthetic/Simulation Data — For Academic Demonstration,22,603,419.0,3.14
6,Auditorium Plaza,AUD-01,AUDITORIUM,1000,2026-09-25T23:00:00+00:00,23,4,25,9,0,108,10.8,LOW,Synthetic/Simulation Data — For Academic Demonstration,20,115,51.7,2.0
7,Food Court Square,CAN-01,CANTEEN,550,2026-09-25T23:00:00+00:00,23,4,25,9,0,11,2.0,LOW,Synthetic/Simulation Data — For Academic Demonstration,11,421,298.0,2.0
8,Sports Arena Entrance,SPT-01,SPORTS,450,2026-09-25T23:00:00+00:00,23,4,25,9,0,49,10.89,LOW,Synthetic/Simulation Data — For Academic Demonstration,44,33,139.7,9.78
9,Alpha Hostel Quad,HST-01,HOSTEL,500,2026-09-25T23:00:00+00:00,23,4,25,9,0,481,96.2,CRITICAL,Synthetic/Simulation Data — For Academic Demonstration,455,448,404.3,91.0
10,Beta Hostel Quad,HST-02,HOSTEL,500,2026-09-25T23:00:00+00:00,23,4,25,9,0,485,97.0,CRITICAL,Synthetic/Simulation Data — For Academic Demonstration,445,422,400.3,89.0
11,Research Park Hub,RES-01,LAB,350,2026-09-25T23:00:00+00:00,23,4,25,9,0,16,4.57,LOW,Synthetic/Simulation Data — For Academic Demonstration,15,32,18.0,4.29
12,Health Center Entrance,MED-01,MEDICAL,150,2026-09-25T23:00:00+00:00,23,4,25,9,0,3,2.0,LOW,Synthetic/Simulation Data — For Academic Demonstration,5,7,7.7,3.33
